Titre,Entreprise,Ville,Contrat,Date,Ville_propre,Departement,Contrat_propre,Domaine_metier,texte_complet,texte_tf,cluster_id,cluster_nom
Assistant Administratif H/F AURA,AURA,Colomiers - 31,CDI,il y a 18 heures,Colomiers,31,CDI,Administration,Assistant Administratif H/F AURA AURA Colomiers CDI Administration,assistant administratif   aura aura colomiers administration,0,Commerce
Non spécifié,TGS France,Saint-Lô - 50,CDI,il y a 20 heures,Saint-Lô,50,CDI,Autre,Non spécifié TGS France Saint-Lô CDI Autre,non spécifié tgs saint-lô autre,2,Autre
Responsable Logistique H/F Picnic Technologies,Picnic Technologies,Moissy-Cramayel - 77,CDI,il y a 20 heures,Moissy-Cramayel,77,CDI,Logistique,Responsable Logistique H/F Picnic Technologies Picnic Technologies Moissy-Cramayel CDI Logistique,responsable logistique   picnic technologies picnic technologies moissy-cramayel logistique,0,Commerce
Cuisinier H/F Vitalrest,Vitalrest,Castelnau-le-Lez - 34,CDI,il y a 20 heures,Castelnau-le-Lez,34,CDI,Restauration,Cuisinier H/F Vitalrest Vitalrest Castelnau-le-Lez CDI Restauration,cuisinier   vitalrest vitalrest castelnau-le-lez restauration,7,Restauration
Conducteur d'Engins en Scierie H/F Groupe Barillet,Groupe Barillet,Vitry-aux-Loges - 45,CDI,il y a 20 heures,Vitry-aux-Loges,45,CDI,BTP,Conducteur d'Engins en Scierie H/F Groupe Barillet Groupe Barillet Vitry-aux-Loges CDI BTP,conducteur d'engins en scierie   groupe barillet groupe barillet vitry-aux-loges btp,6,BTP
Chargé d'Etudes Géotechniques H/F Ramery,Ramery,Harnes - 62,CDI,il y a 20 heures,Harnes,62,CDI,BTP,Chargé d'Etudes Géotechniques H/F Ramery Ramery Harnes CDI BTP,chargé d'etudes géotechniques   ramery ramery harnes btp,6,BTP
Gestionnaire de Parc - Feyzin H/F Kiloutou,Kiloutou,Feyzin - 69,CDI,il y a 20 heures,Feyzin,69,CDI,Administration,Gestionnaire de Parc - Feyzin H/F Kiloutou Kiloutou Feyzin CDI Administration,gestionnaire de parc - feyzin   kiloutou kiloutou feyzin administration,0,Commerce
Consultant Expérience Client & Solutions Saas H/F Ingram Micro,Ingram Micro,Lesquin - 59,CDI,il y a 20 heures,Lesquin,59,CDI,Autre,Consultant Expérience Client & Solutions Saas H/F Ingram Micro Ingram Micro Lesquin CDI Autre,consultant expérience client & solutions saas   ingram micro ingram micro lesquin autre,2,Autre
Chargé d'Études de Prix - Electricité H/F Groupe Fauché,Groupe Fauché,Périgueux - 24,CDI,il y a 20 heures,Périgueux,24,CDI,Énergie / Technique,Chargé d'Études de Prix - Electricité H/F Groupe Fauché Groupe Fauché Périgueux CDI Énergie / Technique,chargé d'études de prix - electricité   groupe fauché groupe fauché périgueux énergie / technique,1,Énergie / Technique
Conducteur PL de Nuit avec CACES 1-3-5 H/F GT Solutions,GT Solutions,Pantin - 93,CDI,il y a 20 heures,Pantin,93,CDI,Logistique,Conducteur PL de Nuit avec CACES 1-3-5 H/F GT Solutions GT Solutions Pantin CDI Logistique,conducteur pl de nuit avec caces 1-3-5   gt solutions gt solutions pantin logistique,0,Commerce
Assistant Ménager et de Prospection H/F Maison et Services,Maison et Services,Châlons-en-Champagne - 51,CDI,il y a 20 heures,Châlons-en-Champagne,51,CDI,Administration,Assistant Ménager et de Prospection H/F Maison et Services Maison et Services Châlons-en-Champagne CDI Administration,assistant ménager et de prospection   maison et services maison et services châlons-en-champagne administration,0,Commerce
Responsable Agence H/F Socotec,Socotec,Aix-en-Provence - 13,CDI,il y a 20 heures,Aix-en-Provence,13,CDI,Management,Responsable Agence H/F Socotec Socotec Aix-en-Provence CDI Management,responsable agence   socotec socotec aix-en-provence management,5,Management
Manager Equipe Commerciale H/F Maison Thiriet,Maison Thiriet,Appoigny - 89,CDI,il y a 20 heures,Appoigny,89,CDI,Commerce,Manager Equipe Commerciale H/F Maison Thiriet Maison Thiriet Appoigny CDI Commerce,manager equipe commerciale   maison thiriet maison thiriet appoigny commerce,0,Commerce
Animateur QHSE H/F Terrena,Terrena,Noyant-Villages - 49,CDI,il y a 20 heures,Noyant-Villages,49,CDI,Qualité / QHSE,Animateur QHSE H/F Terrena Terrena Noyant-Villages CDI Qualité / QHSE,animateur qhse   terrena terrena noyant-villages qualité / qhse,0,Commerce
Directeur de Magasin Super Idf H/F Auchan Retail France,Auchan Retail France,Sartrouville - 78,CDI,il y a 20 heures,Sartrouville,78,CDI,Commerce,Directeur de Magasin Super Idf H/F Auchan Retail France Auchan Retail France Sartrouville CDI Commerce,directeur de magasin super idf   auchan retail auchan retail sartrouville commerce,0,Commerce
Analyste Fonctionnel Si Comptable H/F Cogep,Cogep,Bourges - 18,CDI,il y a 20 heures,Bourges,18,CDI,Finance / Assurance,Analyste Fonctionnel Si Comptable H/F Cogep Cogep Bourges CDI Finance / Assurance,analyste fonctionnel si comptable   cogep cogep bourges finance / assurance,4,Finance / Assurance
Conseiller de Vente Alimentaire Stand Charcuterie - Fromage H/F Auchan Retail France,Auchan Retail France,Avignon - 84,CDI,il y a 20 heures,Avignon,84,CDI,Commerce,Conseiller de Vente Alimentaire Stand Charcuterie - Fromage H/F Auchan Retail France Auchan Retail France Avignon CDI Commerce,conseiller de vente alimentaire stand charcuterie - fromage   auchan retail auchan retail avignon commerce,0,Commerce
Responsable des Projets de Transformation One Safran Apqp & Aero Excellence H/F Safran,Safran,Malakoff - 92,CDI,il y a 20 heures,Malakoff,92,CDI,Management,Responsable des Projets de Transformation One Safran Apqp & Aero Excellence H/F Safran Safran Malakoff CDI Management,responsable des projets de transformation one safran apqp & aero excellence   safran safran malakoff management,5,Management
Actuaire Risques H/F Thélem assurances,Thélem assurances,Chécy - 45,CDI,il y a 20 heures,Chécy,45,CDI,Finance / Assurance,Actuaire Risques H/F Thélem assurances Thélem assurances Chécy CDI Finance / Assurance,actuaire risques   thélem assurances thélem assurances chécy finance / assurance,4,Finance / Assurance
Electricien·ne Tertiaire H/F Groupe Fauché,Groupe Fauché,Agen - 47,CDI,il y a 20 heures,Agen,47,CDI,Énergie / Technique,Electricien·ne Tertiaire H/F Groupe Fauché Groupe Fauché Agen CDI Énergie / Technique,electricien·ne tertiaire   groupe fauché groupe fauché agen énergie / technique,1,Énergie / Technique
Chef.Fe d'Équipe Électricité Tertiaire H/F Groupe Fauché,Groupe Fauché,Marmande - 47,CDI,il y a 20 heures,Marmande,47,CDI,Énergie / Technique,Chef.Fe d'Équipe Électricité Tertiaire H/F Groupe Fauché Groupe Fauché Marmande CDI Énergie / Technique,chef.fe d'équipe électricité tertiaire   groupe fauché groupe fauché marmande énergie / technique,1,Énergie / Technique
Référent des Prestataires de Service H/F Mondial Relay by InPost,Mondial Relay by InPost,Villeneuve-d'Ascq - 59,CDI,il y a 20 heures,Villeneuve-d'Ascq,59,CDI,Autre,Référent des Prestataires de Service H/F Mondial Relay by InPost Mondial Relay by InPost Villeneuve-d'Ascq CDI Autre,référent des prestataires de service   mondial relay by inpost mondial relay by inpost villeneuve-d'ascq autre,2,Autre
Responsable d'Atelier - le Havre H/F Loxam,Loxam,Le Havre - 76,CDI,il y a 20 heures,Le Havre,76,CDI,Management,Responsable d'Atelier - le Havre H/F Loxam Loxam Le Havre CDI Management,responsable d'atelier - le havre   loxam loxam le havre management,5,Management
Tuyauteur H/F Actemium - Cegelec Pau,Actemium - Cegelec Pau,Pardies - 64,CDI,il y a 20 heures,Pardies,64,CDI,Autre,Tuyauteur H/F Actemium - Cegelec Pau Actemium - Cegelec Pau Pardies CDI Autre,tuyauteur   actemium - cegelec pau actemium - cegelec pau pardies autre,2,Autre
Technicien de Chantiers Déshydratation H/F Veolia Agriculture France,Veolia Agriculture France,Nancy - 54,CDI,il y a 20 heures,Nancy,54,CDI,BTP,Technicien de Chantiers Déshydratation H/F Veolia Agriculture France Veolia Agriculture France Nancy CDI BTP,technicien de chantiers déshydratation   veolia agriculture veolia agriculture nancy btp,6,BTP
Ingénieur Génie Civil et Construction H/F Acxes,Acxes,Lyon - 69,CDI,il y a 20 heures,Lyon,69,CDI,Autre,Ingénieur Génie Civil et Construction H/F Acxes Acxes Lyon CDI Autre,ingénieur génie civil et construction   acxes acxes lyon autre,2,Autre
Assistant Ménager et de Prospection H/F Maison et Services,Maison et Services,Châlons-en-Champagne - 51,CDI,il y a 20 heures,Châlons-en-Champagne,51,CDI,Administration,Assistant Ménager et de Prospection H/F Maison et Services Maison et Services Châlons-en-Champagne CDI Administration,assistant ménager et de prospection   maison et services maison et services châlons-en-champagne administration,0,Commerce
Responsable Agence H/F Socotec,Socotec,Aix-en-Provence - 13,CDI,il y a 20 heures,Aix-en-Provence,13,CDI,Management,Responsable Agence H/F Socotec Socotec Aix-en-Provence CDI Management,responsable agence   socotec socotec aix-en-provence management,5,Management
Chef de Chantier Électricité Industrielle H/F Vinci Energies France Industrie Méditerranée,Vinci Energies France Industrie Méditerranée,Baillargues - 34,CDI,il y a 20 heures,Baillargues,34,CDI,BTP,Chef de Chantier Électricité Industrielle H/F Vinci Energies France Industrie Méditerranée Vinci Energies France Industrie Méditerranée Baillargues CDI BTP,chef de chantier électricité industrielle   vinci energies industrie méditerranée vinci energies industrie méditerranée baillargues btp,6,BTP
Dessinateur Charpente et Structure Bois H/F VCSP Batiment Nord Est et ANSC,VCSP Batiment Nord Est et ANSC,Saône-et-Loire - 71,CDI,il y a 20 heures,Saône-et-Loire,71,CDI,BTP,Dessinateur Charpente et Structure Bois H/F VCSP Batiment Nord Est et ANSC VCSP Batiment Nord Est et ANSC Saône-et-Loire CDI BTP,dessinateur charpente et structure bois   vcsp batiment nord est et ansc vcsp batiment nord est et ansc saône-et-loire btp,6,BTP
Opérateur Spécialisé en Transformation de Viandes H/F Sodebo,Sodebo,Montaigu-Vendée - 85,CDI,il y a 20 heures,Montaigu-Vendée,85,CDI,Autre,Opérateur Spécialisé en Transformation de Viandes H/F Sodebo Sodebo Montaigu-Vendée CDI Autre,opérateur spécialisé en transformation de viandes   sodebo sodebo montaigu-vendée autre,2,Autre
Manoeuvre TP H/F VINCI Energies Infrastructures Auvergne,VINCI Energies Infrastructures Auvergne,Clermont-Ferrand - 63,CDI,il y a 20 heures,Clermont-Ferrand,63,CDI,Énergie / Technique,Manoeuvre TP H/F VINCI Energies Infrastructures Auvergne VINCI Energies Infrastructures Auvergne Clermont-Ferrand CDI Énergie / Technique,manoeuvre tp   vinci energies infrastructures auvergne vinci energies infrastructures auvergne clermont-ferrand énergie / technique,1,Énergie / Technique
Chargé de Clientèle Bancaire Confirmé H/F Crédit Mutuel de Bretagne,Crédit Mutuel de Bretagne,Finistère - 29,CDI,il y a 20 heures,Finistère,29,CDI,Informatique,Chargé de Clientèle Bancaire Confirmé H/F Crédit Mutuel de Bretagne Crédit Mutuel de Bretagne Finistère CDI Informatique,chargé de clientèle bancaire confirmé   crédit mutuel de bretagne crédit mutuel de bretagne finistère informatique,3,Informatique
Chef.Fe d'Équipe Électricité Tertiaire H/F Groupe Fauché,Groupe Fauché,Agen - 47,CDI,il y a 20 heures,Agen,47,CDI,Énergie / Technique,Chef.Fe d'Équipe Électricité Tertiaire H/F Groupe Fauché Groupe Fauché Agen CDI Énergie / Technique,chef.fe d'équipe électricité tertiaire   groupe fauché groupe fauché agen énergie / technique,1,Énergie / Technique
Électricien Industriel et Tertiare Confirmé H/F SPIE Facilities,SPIE Facilities,Saint-Apollinaire - 21,CDI,il y a 20 heures,Saint-Apollinaire,21,CDI,Énergie / Technique,Électricien Industriel et Tertiare Confirmé H/F SPIE Facilities SPIE Facilities Saint-Apollinaire CDI Énergie / Technique,électricien industriel et tertiare confirmé   spie facilities spie facilities saint-apollinaire énergie / technique,1,Énergie / Technique
Chef.Fe de Chantier Électricité Tertiaire H/F Groupe Fauché,Groupe Fauché,Agen - 47,CDI,il y a 20 heures,Agen,47,CDI,BTP,Chef.Fe de Chantier Électricité Tertiaire H/F Groupe Fauché Groupe Fauché Agen CDI BTP,chef.fe de chantier électricité tertiaire   groupe fauché groupe fauché agen btp,6,BTP
Ingénieur - Technicien Atex H/F Bureau Veritas,Bureau Veritas,Fontenay-aux-Roses - 92,CDI,il y a 20 heures,Fontenay-aux-Roses,92,CDI,Énergie / Technique,Ingénieur - Technicien Atex H/F Bureau Veritas Bureau Veritas Fontenay-aux-Roses CDI Énergie / Technique,ingénieur - technicien atex   bureau veritas bureau veritas fontenay-aux-roses énergie / technique,1,Énergie / Technique
Spécialiste SEO - SEA H/F OASIS Projet,OASIS Projet,Saint-Étienne-du-Rouvray - 76,CDI,il y a 20 heures,Saint-Étienne-du-Rouvray,76,CDI,Autre,Spécialiste SEO - SEA H/F OASIS Projet OASIS Projet Saint-Étienne-du-Rouvray CDI Autre,spécialiste seo - sea   oasis projet oasis projet saint-étienne-du-rouvray autre,2,Autre
Projeteur en Électricité H/F Groupe Fauché,Groupe Fauché,Vitrolles - 13,CDI,il y a 20 heures,Vitrolles,13,CDI,Énergie / Technique,Projeteur en Électricité H/F Groupe Fauché Groupe Fauché Vitrolles CDI Énergie / Technique,projeteur en électricité   groupe fauché groupe fauché vitrolles énergie / technique,1,Énergie / Technique
Chef de Projet Amélioration Continue H/F Groupe ONET,Groupe ONET,Madrid - Espagne,CDI,il y a 20 heures,Madrid - Espagne,0,CDI,Management,Chef de Projet Amélioration Continue H/F Groupe ONET Groupe ONET Madrid - Espagne CDI Management,chef de projet amélioration continue   groupe onet groupe onet madrid - espagne management,5,Management
Analyste Programmeur COBOL - Nantes H/F Mosica,Mosica,Nantes - 44,CDI,il y a 20 heures,Nantes,44,CDI,Autre,Analyste Programmeur COBOL - Nantes H/F Mosica Mosica Nantes CDI Autre,analyste programmeur cobol - nantes   mosica mosica nantes autre,2,Autre
Chef de Département Dérivés Chlorés et Coproduits H/F Kem One,Kem One,Rhône - 69,CDI,il y a 20 heures,Rhône,69,CDI,Informatique,Chef de Département Dérivés Chlorés et Coproduits H/F Kem One Kem One Rhône CDI Informatique,chef de département dérivés chlorés et coproduits   kem one kem one rhône informatique,3,Informatique
Opérateur Spécialisé - Cuisinier H/F Sodebo,Sodebo,Montaigu-Vendée - 85,CDI,il y a 20 heures,Montaigu-Vendée,85,CDI,Restauration,Opérateur Spécialisé - Cuisinier H/F Sodebo Sodebo Montaigu-Vendée CDI Restauration,opérateur spécialisé - cuisinier   sodebo sodebo montaigu-vendée restauration,7,Restauration
Technicien de Maintenance - Mécanicien H/F Veolia Environnement,Veolia Environnement,Dombasle-sur-Meurthe - 54,CDI,il y a 20 heures,Dombasle-sur-Meurthe,54,CDI,Énergie / Technique,Technicien de Maintenance - Mécanicien H/F Veolia Environnement Veolia Environnement Dombasle-sur-Meurthe CDI Énergie / Technique,technicien de maintenance - mécanicien   veolia environnement veolia environnement dombasle-sur-meurthe énergie / technique,1,Énergie / Technique
Consultant Confirmé Système - Lyon H/F CNS Communications,CNS Communications,Lyon 2e - 69,CDI,il y a 20 heures,Lyon 2e,69,CDI,Autre,Consultant Confirmé Système - Lyon H/F CNS Communications CNS Communications Lyon 2e CDI Autre,consultant confirmé système - lyon   cns communications cns communications lyon 2e autre,2,Autre
Ingénieur Automatisation & Netdevops - Lyon H/F CNS Communications,CNS Communications,Lyon 2e - 69,CDI,il y a 20 heures,Lyon 2e,69,CDI,Autre,Ingénieur Automatisation & Netdevops - Lyon H/F CNS Communications CNS Communications Lyon 2e CDI Autre,ingénieur automatisation & netdevops - lyon   cns communications cns communications lyon 2e autre,2,Autre
Opérateur Spécialisé en Transformation de Viandes H/F Sodebo,Sodebo,Montaigu-Vendée - 85,CDI,il y a 20 heures,Montaigu-Vendée,85,CDI,Autre,Opérateur Spécialisé en Transformation de Viandes H/F Sodebo Sodebo Montaigu-Vendée CDI Autre,opérateur spécialisé en transformation de viandes   sodebo sodebo montaigu-vendée autre,2,Autre
Manoeuvre TP H/F VINCI Energies Infrastructures Auvergne,VINCI Energies Infrastructures Auvergne,Clermont-Ferrand - 63,CDI,il y a 20 heures,Clermont-Ferrand,63,CDI,Énergie / Technique,Manoeuvre TP H/F VINCI Energies Infrastructures Auvergne VINCI Energies Infrastructures Auvergne Clermont-Ferrand CDI Énergie / Technique,manoeuvre tp   vinci energies infrastructures auvergne vinci energies infrastructures auvergne clermont-ferrand énergie / technique,1,Énergie / Technique
Chargé de Clientèle Bancaire Confirmé H/F Crédit Mutuel de Bretagne,Crédit Mutuel de Bretagne,Finistère - 29,CDI,il y a 20 heures,Finistère,29,CDI,Informatique,Chargé de Clientèle Bancaire Confirmé H/F Crédit Mutuel de Bretagne Crédit Mutuel de Bretagne Finistère CDI Informatique,chargé de clientèle bancaire confirmé   crédit mutuel de bretagne crédit mutuel de bretagne finistère informatique,3,Informatique
Chef.Fe d'Équipe Électricité Tertiaire H/F Groupe Fauché,Groupe Fauché,Agen - 47,CDI,il y a 20 heures,Agen,47,CDI,Énergie / Technique,Chef.Fe d'Équipe Électricité Tertiaire H/F Groupe Fauché Groupe Fauché Agen CDI Énergie / Technique,chef.fe d'équipe électricité tertiaire   groupe fauché groupe fauché agen énergie / technique,1,Énergie / Technique
Électricien Industriel et Tertiare Confirmé H/F SPIE Facilities,SPIE Facilities,Saint-Apollinaire - 21,CDI,il y a 20 heures,Saint-Apollinaire,21,CDI,Énergie / Technique,Électricien Industriel et Tertiare Confirmé H/F SPIE Facilities SPIE Facilities Saint-Apollinaire CDI Énergie / Technique,électricien industriel et tertiare confirmé   spie facilities spie facilities saint-apollinaire énergie / technique,1,Énergie / Technique
Chef.Fe de Chantier Électricité Tertiaire H/F Groupe Fauché,Groupe Fauché,Agen - 47,CDI,il y a 20 heures,Agen,47,CDI,BTP,Chef.Fe de Chantier Électricité Tertiaire H/F Groupe Fauché Groupe Fauché Agen CDI BTP,chef.fe de chantier électricité tertiaire   groupe fauché groupe fauché agen btp,6,BTP
Ingénieur - Technicien Atex H/F Bureau Veritas,Bureau Veritas,Fontenay-aux-Roses - 92,CDI,il y a 20 heures,Fontenay-aux-Roses,92,CDI,Énergie / Technique,Ingénieur - Technicien Atex H/F Bureau Veritas Bureau Veritas Fontenay-aux-Roses CDI Énergie / Technique,ingénieur - technicien atex   bureau veritas bureau veritas fontenay-aux-roses énergie / technique,1,Énergie / Technique
Spécialiste SEO - SEA H/F OASIS Projet,OASIS Projet,Saint-Étienne-du-Rouvray - 76,CDI,il y a 20 heures,Saint-Étienne-du-Rouvray,76,CDI,Autre,Spécialiste SEO - SEA H/F OASIS Projet OASIS Projet Saint-Étienne-du-Rouvray CDI Autre,spécialiste seo - sea   oasis projet oasis projet saint-étienne-du-rouvray autre,2,Autre
Projeteur en Électricité H/F Groupe Fauché,Groupe Fauché,Vitrolles - 13,CDI,il y a 20 heures,Vitrolles,13,CDI,Énergie / Technique,Projeteur en Électricité H/F Groupe Fauché Groupe Fauché Vitrolles CDI Énergie / Technique,projeteur en électricité   groupe fauché groupe fauché vitrolles énergie / technique,1,Énergie / Technique
Chef de Projet Amélioration Continue H/F Groupe ONET,Groupe ONET,Madrid - Espagne,CDI,il y a 20 heures,Madrid - Espagne,0,CDI,Management,Chef de Projet Amélioration Continue H/F Groupe ONET Groupe ONET Madrid - Espagne CDI Management,chef de projet amélioration continue   groupe onet groupe onet madrid - espagne management,5,Management
Analyste Programmeur COBOL - Nantes H/F Mosica,Mosica,Nantes - 44,CDI,il y a 20 heures,Nantes,44,CDI,Autre,Analyste Programmeur COBOL - Nantes H/F Mosica Mosica Nantes CDI Autre,analyste programmeur cobol - nantes   mosica mosica nantes autre,2,Autre
Expert Trade & Cycle d'Exploitation H/F Arkea Banque Entreprises et Institutionnels,Arkea Banque Entreprises et Institutionnels,Rennes - 35,CDI,il y a 20 heures,Rennes,35,CDI,Informatique,Expert Trade & Cycle d'Exploitation H/F Arkea Banque Entreprises et Institutionnels Arkea Banque Entreprises et Institutionnels Rennes CDI Informatique,expert trade & cycle d'exploitation   arkea banque entreprises et institutionnels arkea banque entreprises et institutionnels rennes informatique,3,Informatique
Directeur Technique H/F Fives Groupe,Fives Groupe,Héricourt - 70,CDI,il y a 20 heures,Héricourt,70,CDI,Informatique,Directeur Technique H/F Fives Groupe Fives Groupe Héricourt CDI Informatique,directeur technique   fives groupe fives groupe héricourt informatique,3,Informatique
Ecologue Faunes H/F ECR Environnement,ECR Environnement,Villebon-sur-Yvette - 91,CDI,il y a 20 heures,Villebon-sur-Yvette,91,CDI,Autre,Ecologue Faunes H/F ECR Environnement ECR Environnement Villebon-sur-Yvette CDI Autre,ecologue faunes   ecr environnement ecr environnement villebon-sur-yvette autre,2,Autre
SAP S - 4 Hana Technical Consultant Basis Cpi - EDI Interfaces H/F Hozelock Exel,Hozelock Exel,Arnas - 69,CDI,il y a 20 heures,Arnas,69,CDI,Informatique,SAP S - 4 Hana Technical Consultant Basis Cpi - EDI Interfaces H/F Hozelock Exel Hozelock Exel Arnas CDI Informatique,sap s - 4 hana technical consultant basis cpi - edi interfaces   hozelock exel hozelock exel arnas informatique,3,Informatique
Directeur de Marché - Région - Nord E1 H/F Kone,Kone,Reims - 51,CDI,il y a 20 heures,Reims,51,CDI,Management,Directeur de Marché - Région - Nord E1 H/F Kone Kone Reims CDI Management,directeur de marché - région - nord e1   kone kone reims management,5,Management
Ingénieur Génie Civil H/F Orano,Orano,La Hague - 50,CDI,il y a 20 heures,La Hague,50,CDI,Autre,Ingénieur Génie Civil H/F Orano Orano La Hague CDI Autre,ingénieur génie civil   orano orano la hague autre,2,Autre
Service Team Leader Doors H/F Kone,Kone,Belgique,CDI,il y a 20 heures,Belgique,0,CDI,Autre,Service Team Leader Doors H/F Kone Kone Belgique CDI Autre,service team leader doors   kone kone belgique autre,2,Autre
Technicien SSI H/F Eryma Sas,Eryma Sas,Couëron - 44,CDI,il y a 20 heures,Couëron,44,CDI,Énergie / Technique,Technicien SSI H/F Eryma Sas Eryma Sas Couëron CDI Énergie / Technique,technicien ssi   eryma sas eryma sas couëron énergie / technique,1,Énergie / Technique
Educateur Spécialisé H/F Fondation de la maison du Diaconat,Fondation de la maison du Diaconat,Mulhouse - 68,CDI,il y a 20 heures,Mulhouse,68,CDI,Autre,Educateur Spécialisé H/F Fondation de la maison du Diaconat Fondation de la maison du Diaconat Mulhouse CDI Autre,educateur spécialisé   fondation de la maison du diaconat fondation de la maison du diaconat mulhouse autre,2,Autre
Actuaire Risques H/F Thélem assurances,Thélem assurances,Chécy - 45,CDI,il y a 20 heures,Chécy,45,CDI,Finance / Assurance,Actuaire Risques H/F Thélem assurances Thélem assurances Chécy CDI Finance / Assurance,actuaire risques   thélem assurances thélem assurances chécy finance / assurance,4,Finance / Assurance
Electricien·ne Tertiaire H/F Groupe Fauché,Groupe Fauché,Agen - 47,CDI,il y a 20 heures,Agen,47,CDI,Énergie / Technique,Electricien·ne Tertiaire H/F Groupe Fauché Groupe Fauché Agen CDI Énergie / Technique,electricien·ne tertiaire   groupe fauché groupe fauché agen énergie / technique,1,Énergie / Technique
Chef.Fe d'Équipe Électricité Tertiaire H/F Groupe Fauché,Groupe Fauché,Marmande - 47,CDI,il y a 20 heures,Marmande,47,CDI,Énergie / Technique,Chef.Fe d'Équipe Électricité Tertiaire H/F Groupe Fauché Groupe Fauché Marmande CDI Énergie / Technique,chef.fe d'équipe électricité tertiaire   groupe fauché groupe fauché marmande énergie / technique,1,Énergie / Technique
Référent des Prestataires de Service H/F Mondial Relay by InPost,Mondial Relay by InPost,Villeneuve-d'Ascq - 59,CDI,il y a 20 heures,Villeneuve-d'Ascq,59,CDI,Autre,Référent des Prestataires de Service H/F Mondial Relay by InPost Mondial Relay by InPost Villeneuve-d'Ascq CDI Autre,référent des prestataires de service   mondial relay by inpost mondial relay by inpost villeneuve-d'ascq autre,2,Autre
Responsable d'Atelier - le Havre H/F Loxam,Loxam,Le Havre - 76,CDI,il y a 20 heures,Le Havre,76,CDI,Management,Responsable d'Atelier - le Havre H/F Loxam Loxam Le Havre CDI Management,responsable d'atelier - le havre   loxam loxam le havre management,5,Management
Tuyauteur H/F Actemium - Cegelec Pau,Actemium - Cegelec Pau,Pardies - 64,CDI,il y a 20 heures,Pardies,64,CDI,Autre,Tuyauteur H/F Actemium - Cegelec Pau Actemium - Cegelec Pau Pardies CDI Autre,tuyauteur   actemium - cegelec pau actemium - cegelec pau pardies autre,2,Autre
Manager Equipe Commerciale H/F Maison Thiriet,Maison Thiriet,Appoigny - 89,CDI,il y a 20 heures,Appoigny,89,CDI,Commerce,Manager Equipe Commerciale H/F Maison Thiriet Maison Thiriet Appoigny CDI Commerce,manager equipe commerciale   maison thiriet maison thiriet appoigny commerce,0,Commerce
Animateur QHSE H/F Terrena,Terrena,Noyant-Villages - 49,CDI,il y a 20 heures,Noyant-Villages,49,CDI,Qualité / QHSE,Animateur QHSE H/F Terrena Terrena Noyant-Villages CDI Qualité / QHSE,animateur qhse   terrena terrena noyant-villages qualité / qhse,0,Commerce
Directeur de Magasin Super Idf H/F Auchan Retail France,Auchan Retail France,Sartrouville - 78,CDI,il y a 20 heures,Sartrouville,78,CDI,Commerce,Directeur de Magasin Super Idf H/F Auchan Retail France Auchan Retail France Sartrouville CDI Commerce,directeur de magasin super idf   auchan retail auchan retail sartrouville commerce,0,Commerce
Analyste Fonctionnel Si Comptable H/F Cogep,Cogep,Bourges - 18,CDI,il y a 20 heures,Bourges,18,CDI,Finance / Assurance,Analyste Fonctionnel Si Comptable H/F Cogep Cogep Bourges CDI Finance / Assurance,analyste fonctionnel si comptable   cogep cogep bourges finance / assurance,4,Finance / Assurance
Conseiller de Vente Alimentaire Stand Charcuterie - Fromage H/F Auchan Retail France,Auchan Retail France,Avignon - 84,CDI,il y a 20 heures,Avignon,84,CDI,Commerce,Conseiller de Vente Alimentaire Stand Charcuterie - Fromage H/F Auchan Retail France Auchan Retail France Avignon CDI Commerce,conseiller de vente alimentaire stand charcuterie - fromage   auchan retail auchan retail avignon commerce,0,Commerce
Responsable des Projets de Transformation One Safran Apqp & Aero Excellence H/F Safran,Safran,Malakoff - 92,CDI,il y a 20 heures,Malakoff,92,CDI,Management,Responsable des Projets de Transformation One Safran Apqp & Aero Excellence H/F Safran Safran Malakoff CDI Management,responsable des projets de transformation one safran apqp & aero excellence   safran safran malakoff management,5,Management
Actuaire Risques H/F Thélem assurances,Thélem assurances,Chécy - 45,CDI,il y a 20 heures,Chécy,45,CDI,Finance / Assurance,Actuaire Risques H/F Thélem assurances Thélem assurances Chécy CDI Finance / Assurance,actuaire risques   thélem assurances thélem assurances chécy finance / assurance,4,Finance / Assurance
Electricien·ne Tertiaire H/F Groupe Fauché,Groupe Fauché,Agen - 47,CDI,il y a 20 heures,Agen,47,CDI,Énergie / Technique,Electricien·ne Tertiaire H/F Groupe Fauché Groupe Fauché Agen CDI Énergie / Technique,electricien·ne tertiaire   groupe fauché groupe fauché agen énergie / technique,1,Énergie / Technique
Chef.Fe d'Équipe Électricité Tertiaire H/F Groupe Fauché,Groupe Fauché,Marmande - 47,CDI,il y a 20 heures,Marmande,47,CDI,Énergie / Technique,Chef.Fe d'Équipe Électricité Tertiaire H/F Groupe Fauché Groupe Fauché Marmande CDI Énergie / Technique,chef.fe d'équipe électricité tertiaire   groupe fauché groupe fauché marmande énergie / technique,1,Énergie / Technique
Référent des Prestataires de Service H/F Mondial Relay by InPost,Mondial Relay by InPost,Villeneuve-d'Ascq - 59,CDI,il y a 20 heures,Villeneuve-d'Ascq,59,CDI,Autre,Référent des Prestataires de Service H/F Mondial Relay by InPost Mondial Relay by InPost Villeneuve-d'Ascq CDI Autre,référent des prestataires de service   mondial relay by inpost mondial relay by inpost villeneuve-d'ascq autre,2,Autre
Responsable d'Atelier - le Havre H/F Loxam,Loxam,Le Havre - 76,CDI,il y a 20 heures,Le Havre,76,CDI,Management,Responsable d'Atelier - le Havre H/F Loxam Loxam Le Havre CDI Management,responsable d'atelier - le havre   loxam loxam le havre management,5,Management
Tuyauteur H/F Actemium - Cegelec Pau,Actemium - Cegelec Pau,Pardies - 64,CDI,il y a 20 heures,Pardies,64,CDI,Autre,Tuyauteur H/F Actemium - Cegelec Pau Actemium - Cegelec Pau Pardies CDI Autre,tuyauteur   actemium - cegelec pau actemium - cegelec pau pardies autre,2,Autre
Technicien de Chantiers Déshydratation H/F Veolia Agriculture France,Veolia Agriculture France,Nancy - 54,CDI,il y a 20 heures,Nancy,54,CDI,BTP,Technicien de Chantiers Déshydratation H/F Veolia Agriculture France Veolia Agriculture France Nancy CDI BTP,technicien de chantiers déshydratation   veolia agriculture veolia agriculture nancy btp,6,BTP
Ingénieur Génie Civil et Construction H/F Acxes,Acxes,Lyon - 69,CDI,il y a 20 heures,Lyon,69,CDI,Autre,Ingénieur Génie Civil et Construction H/F Acxes Acxes Lyon CDI Autre,ingénieur génie civil et construction   acxes acxes lyon autre,2,Autre
Assistant Ménager et de Prospection H/F Maison et Services,Maison et Services,Châlons-en-Champagne - 51,CDI,il y a 20 heures,Châlons-en-Champagne,51,CDI,Administration,Assistant Ménager et de Prospection H/F Maison et Services Maison et Services Châlons-en-Champagne CDI Administration,assistant ménager et de prospection   maison et services maison et services châlons-en-champagne administration,0,Commerce
Responsable Agence H/F Socotec,Socotec,Aix-en-Provence - 13,CDI,il y a 20 heures,Aix-en-Provence,13,CDI,Management,Responsable Agence H/F Socotec Socotec Aix-en-Provence CDI Management,responsable agence   socotec socotec aix-en-provence management,5,Management
Chef de Chantier Électricité Industrielle H/F Vinci Energies France Industrie Méditerranée,Vinci Energies France Industrie Méditerranée,Baillargues - 34,CDI,il y a 20 heures,Baillargues,34,CDI,BTP,Chef de Chantier Électricité Industrielle H/F Vinci Energies France Industrie Méditerranée Vinci Energies France Industrie Méditerranée Baillargues CDI BTP,chef de chantier électricité industrielle   vinci energies industrie méditerranée vinci energies industrie méditerranée baillargues btp,6,BTP
Dessinateur Charpente et Structure Bois H/F VCSP Batiment Nord Est et ANSC,VCSP Batiment Nord Est et ANSC,Saône-et-Loire - 71,CDI,il y a 20 heures,Saône-et-Loire,71,CDI,BTP,Dessinateur Charpente et Structure Bois H/F VCSP Batiment Nord Est et ANSC VCSP Batiment Nord Est et ANSC Saône-et-Loire CDI BTP,dessinateur charpente et structure bois   vcsp batiment nord est et ansc vcsp batiment nord est et ansc saône-et-loire btp,6,BTP
Opérateur Spécialisé en Transformation de Viandes H/F Sodebo,Sodebo,Montaigu-Vendée - 85,CDI,il y a 20 heures,Montaigu-Vendée,85,CDI,Autre,Opérateur Spécialisé en Transformation de Viandes H/F Sodebo Sodebo Montaigu-Vendée CDI Autre,opérateur spécialisé en transformation de viandes   sodebo sodebo montaigu-vendée autre,2,Autre
Manoeuvre TP H/F VINCI Energies Infrastructures Auvergne,VINCI Energies Infrastructures Auvergne,Clermont-Ferrand - 63,CDI,il y a 20 heures,Clermont-Ferrand,63,CDI,Énergie / Technique,Manoeuvre TP H/F VINCI Energies Infrastructures Auvergne VINCI Energies Infrastructures Auvergne Clermont-Ferrand CDI Énergie / Technique,manoeuvre tp   vinci energies infrastructures auvergne vinci energies infrastructures auvergne clermont-ferrand énergie / technique,1,Énergie / Technique
Chargé de Clientèle Bancaire Confirmé H/F Crédit Mutuel de Bretagne,Crédit Mutuel de Bretagne,Finistère - 29,CDI,il y a 20 heures,Finistère,29,CDI,Informatique,Chargé de Clientèle Bancaire Confirmé H/F Crédit Mutuel de Bretagne Crédit Mutuel de Bretagne Finistère CDI Informatique,chargé de clientèle bancaire confirmé   crédit mutuel de bretagne crédit mutuel de bretagne finistère informatique,3,Informatique
Chef.Fe d'Équipe Électricité Tertiaire H/F Groupe Fauché,Groupe Fauché,Agen - 47,CDI,il y a 20 heures,Agen,47,CDI,Énergie / Technique,Chef.Fe d'Équipe Électricité Tertiaire H/F Groupe Fauché Groupe Fauché Agen CDI Énergie / Technique,chef.fe d'équipe électricité tertiaire   groupe fauché groupe fauché agen énergie / technique,1,Énergie / Technique
Électricien Industriel et Tertiare Confirmé H/F SPIE Facilities,SPIE Facilities,Saint-Apollinaire - 21,CDI,il y a 20 heures,Saint-Apollinaire,21,CDI,Énergie / Technique,Électricien Industriel et Tertiare Confirmé H/F SPIE Facilities SPIE Facilities Saint-Apollinaire CDI Énergie / Technique,électricien industriel et tertiare confirmé   spie facilities spie facilities saint-apollinaire énergie / technique,1,Énergie / Technique
Chef.Fe de Chantier Électricité Tertiaire H/F Groupe Fauché,Groupe Fauché,Agen - 47,CDI,il y a 20 heures,Agen,47,CDI,BTP,Chef.Fe de Chantier Électricité Tertiaire H/F Groupe Fauché Groupe Fauché Agen CDI BTP,chef.fe de chantier électricité tertiaire   groupe fauché groupe fauché agen btp,6,BTP
Ingénieur - Technicien Atex H/F Bureau Veritas,Bureau Veritas,Fontenay-aux-Roses - 92,CDI,il y a 20 heures,Fontenay-aux-Roses,92,CDI,Énergie / Technique,Ingénieur - Technicien Atex H/F Bureau Veritas Bureau Veritas Fontenay-aux-Roses CDI Énergie / Technique,ingénieur - technicien atex   bureau veritas bureau veritas fontenay-aux-roses énergie / technique,1,Énergie / Technique
Spécialiste SEO - SEA H/F OASIS Projet,OASIS Projet,Saint-Étienne-du-Rouvray - 76,CDI,il y a 20 heures,Saint-Étienne-du-Rouvray,76,CDI,Autre,Spécialiste SEO - SEA H/F OASIS Projet OASIS Projet Saint-Étienne-du-Rouvray CDI Autre,spécialiste seo - sea   oasis projet oasis projet saint-étienne-du-rouvray autre,2,Autre
Projeteur en Électricité H/F Groupe Fauché,Groupe Fauché,Vitrolles - 13,CDI,il y a 20 heures,Vitrolles,13,CDI,Énergie / Technique,Projeteur en Électricité H/F Groupe Fauché Groupe Fauché Vitrolles CDI Énergie / Technique,projeteur en électricité   groupe fauché groupe fauché vitrolles énergie / technique,1,Énergie / Technique
Chef de Projet Amélioration Continue H/F Groupe ONET,Groupe ONET,Madrid - Espagne,CDI,il y a 20 heures,Madrid - Espagne,0,CDI,Management,Chef de Projet Amélioration Continue H/F Groupe ONET Groupe ONET Madrid - Espagne CDI Management,chef de projet amélioration continue   groupe onet groupe onet madrid - espagne management,5,Management
Analyste Programmeur COBOL - Nantes H/F Mosica,Mosica,Nantes - 44,CDI,il y a 20 heures,Nantes,44,CDI,Autre,Analyste Programmeur COBOL - Nantes H/F Mosica Mosica Nantes CDI Autre,analyste programmeur cobol - nantes   mosica mosica nantes autre,2,Autre
Chef de Département Dérivés Chlorés et Coproduits H/F Kem One,Kem One,Rhône - 69,CDI,il y a 20 heures,Rhône,69,CDI,Informatique,Chef de Département Dérivés Chlorés et Coproduits H/F Kem One Kem One Rhône CDI Informatique,chef de département dérivés chlorés et coproduits   kem one kem one rhône informatique,3,Informatique
Manager Equipe Commerciale H/F Maison Thiriet,Maison Thiriet,Appoigny - 89,CDI,il y a 20 heures,Appoigny,89,CDI,Commerce,Manager Equipe Commerciale H/F Maison Thiriet Maison Thiriet Appoigny CDI Commerce,manager equipe commerciale   maison thiriet maison thiriet appoigny commerce,0,Commerce
Animateur QHSE H/F Terrena,Terrena,Noyant-Villages - 49,CDI,il y a 20 heures,Noyant-Villages,49,CDI,Qualité / QHSE,Animateur QHSE H/F Terrena Terrena Noyant-Villages CDI Qualité / QHSE,animateur qhse   terrena terrena noyant-villages qualité / qhse,0,Commerce
Directeur de Magasin Super Idf H/F Auchan Retail France,Auchan Retail France,Sartrouville - 78,CDI,il y a 20 heures,Sartrouville,78,CDI,Commerce,Directeur de Magasin Super Idf H/F Auchan Retail France Auchan Retail France Sartrouville CDI Commerce,directeur de magasin super idf   auchan retail auchan retail sartrouville commerce,0,Commerce
Analyste Fonctionnel Si Comptable H/F Cogep,Cogep,Bourges - 18,CDI,il y a 20 heures,Bourges,18,CDI,Finance / Assurance,Analyste Fonctionnel Si Comptable H/F Cogep Cogep Bourges CDI Finance / Assurance,analyste fonctionnel si comptable   cogep cogep bourges finance / assurance,4,Finance / Assurance
Conseiller de Vente Alimentaire Stand Charcuterie - Fromage H/F Auchan Retail France,Auchan Retail France,Avignon - 84,CDI,il y a 20 heures,Avignon,84,CDI,Commerce,Conseiller de Vente Alimentaire Stand Charcuterie - Fromage H/F Auchan Retail France Auchan Retail France Avignon CDI Commerce,conseiller de vente alimentaire stand charcuterie - fromage   auchan retail auchan retail avignon commerce,0,Commerce
Responsable des Projets de Transformation One Safran Apqp & Aero Excellence H/F Safran,Safran,Malakoff - 92,CDI,il y a 20 heures,Malakoff,92,CDI,Management,Responsable des Projets de Transformation One Safran Apqp & Aero Excellence H/F Safran Safran Malakoff CDI Management,responsable des projets de transformation one safran apqp & aero excellence   safran safran malakoff management,5,Management
Actuaire Risques H/F Thélem assurances,Thélem assurances,Chécy - 45,CDI,il y a 20 heures,Chécy,45,CDI,Finance / Assurance,Actuaire Risques H/F Thélem assurances Thélem assurances Chécy CDI Finance / Assurance,actuaire risques   thélem assurances thélem assurances chécy finance / assurance,4,Finance / Assurance
Electricien·ne Tertiaire H/F Groupe Fauché,Groupe Fauché,Agen - 47,CDI,il y a 20 heures,Agen,47,CDI,Énergie / Technique,Electricien·ne Tertiaire H/F Groupe Fauché Groupe Fauché Agen CDI Énergie / Technique,electricien·ne tertiaire   groupe fauché groupe fauché agen énergie / technique,1,Énergie / Technique
Chef.Fe d'Équipe Électricité Tertiaire H/F Groupe Fauché,Groupe Fauché,Marmande - 47,CDI,il y a 20 heures,Marmande,47,CDI,Énergie / Technique,Chef.Fe d'Équipe Électricité Tertiaire H/F Groupe Fauché Groupe Fauché Marmande CDI Énergie / Technique,chef.fe d'équipe électricité tertiaire   groupe fauché groupe fauché marmande énergie / technique,1,Énergie / Technique
Référent des Prestataires de Service H/F Mondial Relay by InPost,Mondial Relay by InPost,Villeneuve-d'Ascq - 59,CDI,il y a 20 heures,Villeneuve-d'Ascq,59,CDI,Autre,Référent des Prestataires de Service H/F Mondial Relay by InPost Mondial Relay by InPost Villeneuve-d'Ascq CDI Autre,référent des prestataires de service   mondial relay by inpost mondial relay by inpost villeneuve-d'ascq autre,2,Autre
Responsable d'Atelier - le Havre H/F Loxam,Loxam,Le Havre - 76,CDI,il y a 20 heures,Le Havre,76,CDI,Management,Responsable d'Atelier - le Havre H/F Loxam Loxam Le Havre CDI Management,responsable d'atelier - le havre   loxam loxam le havre management,5,Management
Tuyauteur H/F Actemium - Cegelec Pau,Actemium - Cegelec Pau,Pardies - 64,CDI,il y a 20 heures,Pardies,64,CDI,Autre,Tuyauteur H/F Actemium - Cegelec Pau Actemium - Cegelec Pau Pardies CDI Autre,tuyauteur   actemium - cegelec pau actemium - cegelec pau pardies autre,2,Autre
Technicien de Chantiers Déshydratation H/F Veolia Agriculture France,Veolia Agriculture France,Nancy - 54,CDI,il y a 20 heures,Nancy,54,CDI,BTP,Technicien de Chantiers Déshydratation H/F Veolia Agriculture France Veolia Agriculture France Nancy CDI BTP,technicien de chantiers déshydratation   veolia agriculture veolia agriculture nancy btp,6,BTP
Ingénieur Génie Civil et Construction H/F Acxes,Acxes,Lyon - 69,CDI,il y a 20 heures,Lyon,69,CDI,Autre,Ingénieur Génie Civil et Construction H/F Acxes Acxes Lyon CDI Autre,ingénieur génie civil et construction   acxes acxes lyon autre,2,Autre
Assistant Ménager et de Prospection H/F Maison et Services,Maison et Services,Châlons-en-Champagne - 51,CDI,il y a 20 heures,Châlons-en-Champagne,51,CDI,Administration,Assistant Ménager et de Prospection H/F Maison et Services Maison et Services Châlons-en-Champagne CDI Administration,assistant ménager et de prospection   maison et services maison et services châlons-en-champagne administration,0,Commerce
Responsable Agence H/F Socotec,Socotec,Aix-en-Provence - 13,CDI,il y a 20 heures,Aix-en-Provence,13,CDI,Management,Responsable Agence H/F Socotec Socotec Aix-en-Provence CDI Management,responsable agence   socotec socotec aix-en-provence management,5,Management
Chef de Chantier Électricité Industrielle H/F Vinci Energies France Industrie Méditerranée,Vinci Energies France Industrie Méditerranée,Baillargues - 34,CDI,il y a 20 heures,Baillargues,34,CDI,BTP,Chef de Chantier Électricité Industrielle H/F Vinci Energies France Industrie Méditerranée Vinci Energies France Industrie Méditerranée Baillargues CDI BTP,chef de chantier électricité industrielle   vinci energies industrie méditerranée vinci energies industrie méditerranée baillargues btp,6,BTP
Dessinateur Charpente et Structure Bois H/F VCSP Batiment Nord Est et ANSC,VCSP Batiment Nord Est et ANSC,Saône-et-Loire - 71,CDI,il y a 20 heures,Saône-et-Loire,71,CDI,BTP,Dessinateur Charpente et Structure Bois H/F VCSP Batiment Nord Est et ANSC VCSP Batiment Nord Est et ANSC Saône-et-Loire CDI BTP,dessinateur charpente et structure bois   vcsp batiment nord est et ansc vcsp batiment nord est et ansc saône-et-loire btp,6,BTP
Opérateur Spécialisé en Transformation de Viandes H/F Sodebo,Sodebo,Montaigu-Vendée - 85,CDI,il y a 20 heures,Montaigu-Vendée,85,CDI,Autre,Opérateur Spécialisé en Transformation de Viandes H/F Sodebo Sodebo Montaigu-Vendée CDI Autre,opérateur spécialisé en transformation de viandes   sodebo sodebo montaigu-vendée autre,2,Autre
Manoeuvre TP H/F VINCI Energies Infrastructures Auvergne,VINCI Energies Infrastructures Auvergne,Clermont-Ferrand - 63,CDI,il y a 20 heures,Clermont-Ferrand,63,CDI,Énergie / Technique,Manoeuvre TP H/F VINCI Energies Infrastructures Auvergne VINCI Energies Infrastructures Auvergne Clermont-Ferrand CDI Énergie / Technique,manoeuvre tp   vinci energies infrastructures auvergne vinci energies infrastructures auvergne clermont-ferrand énergie / technique,1,Énergie / Technique
Chargé de Clientèle Bancaire Confirmé H/F Crédit Mutuel de Bretagne,Crédit Mutuel de Bretagne,Finistère - 29,CDI,il y a 20 heures,Finistère,29,CDI,Informatique,Chargé de Clientèle Bancaire Confirmé H/F Crédit Mutuel de Bretagne Crédit Mutuel de Bretagne Finistère CDI Informatique,chargé de clientèle bancaire confirmé   crédit mutuel de bretagne crédit mutuel de bretagne finistère informatique,3,Informatique
Chef.Fe d'Équipe Électricité Tertiaire H/F Groupe Fauché,Groupe Fauché,Agen - 47,CDI,il y a 20 heures,Agen,47,CDI,Énergie / Technique,Chef.Fe d'Équipe Électricité Tertiaire H/F Groupe Fauché Groupe Fauché Agen CDI Énergie / Technique,chef.fe d'équipe électricité tertiaire   groupe fauché groupe fauché agen énergie / technique,1,Énergie / Technique
Électricien Industriel et Tertiare Confirmé H/F SPIE Facilities,SPIE Facilities,Saint-Apollinaire - 21,CDI,il y a 20 heures,Saint-Apollinaire,21,CDI,Énergie / Technique,Électricien Industriel et Tertiare Confirmé H/F SPIE Facilities SPIE Facilities Saint-Apollinaire CDI Énergie / Technique,électricien industriel et tertiare confirmé   spie facilities spie facilities saint-apollinaire énergie / technique,1,Énergie / Technique
Chef.Fe de Chantier Électricité Tertiaire H/F Groupe Fauché,Groupe Fauché,Agen - 47,CDI,il y a 20 heures,Agen,47,CDI,BTP,Chef.Fe de Chantier Électricité Tertiaire H/F Groupe Fauché Groupe Fauché Agen CDI BTP,chef.fe de chantier électricité tertiaire   groupe fauché groupe fauché agen btp,6,BTP
Ingénieur - Technicien Atex H/F Bureau Veritas,Bureau Veritas,Fontenay-aux-Roses - 92,CDI,il y a 20 heures,Fontenay-aux-Roses,92,CDI,Énergie / Technique,Ingénieur - Technicien Atex H/F Bureau Veritas Bureau Veritas Fontenay-aux-Roses CDI Énergie / Technique,ingénieur - technicien atex   bureau veritas bureau veritas fontenay-aux-roses énergie / technique,1,Énergie / Technique
Spécialiste SEO - SEA H/F OASIS Projet,OASIS Projet,Saint-Étienne-du-Rouvray - 76,CDI,il y a 20 heures,Saint-Étienne-du-Rouvray,76,CDI,Autre,Spécialiste SEO - SEA H/F OASIS Projet OASIS Projet Saint-Étienne-du-Rouvray CDI Autre,spécialiste seo - sea   oasis projet oasis projet saint-étienne-du-rouvray autre,2,Autre
Projeteur en Électricité H/F Groupe Fauché,Groupe Fauché,Vitrolles - 13,CDI,il y a 20 heures,Vitrolles,13,CDI,Énergie / Technique,Projeteur en Électricité H/F Groupe Fauché Groupe Fauché Vitrolles CDI Énergie / Technique,projeteur en électricité   groupe fauché groupe fauché vitrolles énergie / technique,1,Énergie / Technique
Chef de Projet Amélioration Continue H/F Groupe ONET,Groupe ONET,Madrid - Espagne,CDI,il y a 20 heures,Madrid - Espagne,0,CDI,Management,Chef de Projet Amélioration Continue H/F Groupe ONET Groupe ONET Madrid - Espagne CDI Management,chef de projet amélioration continue   groupe onet groupe onet madrid - espagne management,5,Management
Analyste Programmeur COBOL - Nantes H/F Mosica,Mosica,Nantes - 44,CDI,il y a 20 heures,Nantes,44,CDI,Autre,Analyste Programmeur COBOL - Nantes H/F Mosica Mosica Nantes CDI Autre,analyste programmeur cobol - nantes   mosica mosica nantes autre,2,Autre
Chef de Département Dérivés Chlorés et Coproduits H/F Kem One,Kem One,Rhône - 69,CDI,il y a 20 heures,Rhône,69,CDI,Informatique,Chef de Département Dérivés Chlorés et Coproduits H/F Kem One Kem One Rhône CDI Informatique,chef de département dérivés chlorés et coproduits   kem one kem one rhône informatique,3,Informatique
Manager Equipe Commerciale H/F Maison Thiriet,Maison Thiriet,Appoigny - 89,CDI,il y a 20 heures,Appoigny,89,CDI,Commerce,Manager Equipe Commerciale H/F Maison Thiriet Maison Thiriet Appoigny CDI Commerce,manager equipe commerciale   maison thiriet maison thiriet appoigny commerce,0,Commerce
Animateur QHSE H/F Terrena,Terrena,Noyant-Villages - 49,CDI,il y a 20 heures,Noyant-Villages,49,CDI,Qualité / QHSE,Animateur QHSE H/F Terrena Terrena Noyant-Villages CDI Qualité / QHSE,animateur qhse   terrena terrena noyant-villages qualité / qhse,0,Commerce
Directeur de Magasin Super Idf H/F Auchan Retail France,Auchan Retail France,Sartrouville - 78,CDI,il y a 20 heures,Sartrouville,78,CDI,Commerce,Directeur de Magasin Super Idf H/F Auchan Retail France Auchan Retail France Sartrouville CDI Commerce,directeur de magasin super idf   auchan retail auchan retail sartrouville commerce,0,Commerce
Analyste Fonctionnel Si Comptable H/F Cogep,Cogep,Bourges - 18,CDI,il y a 20 heures,Bourges,18,CDI,Finance / Assurance,Analyste Fonctionnel Si Comptable H/F Cogep Cogep Bourges CDI Finance / Assurance,analyste fonctionnel si comptable   cogep cogep bourges finance / assurance,4,Finance / Assurance
Conseiller de Vente Alimentaire Stand Charcuterie - Fromage H/F Auchan Retail France,Auchan Retail France,Avignon - 84,CDI,il y a 20 heures,Avignon,84,CDI,Commerce,Conseiller de Vente Alimentaire Stand Charcuterie - Fromage H/F Auchan Retail France Auchan Retail France Avignon CDI Commerce,conseiller de vente alimentaire stand charcuterie - fromage   auchan retail auchan retail avignon commerce,0,Commerce
Responsable des Projets de Transformation One Safran Apqp & Aero Excellence H/F Safran,Safran,Malakoff - 92,CDI,il y a 20 heures,Malakoff,92,CDI,Management,Responsable des Projets de Transformation One Safran Apqp & Aero Excellence H/F Safran Safran Malakoff CDI Management,responsable des projets de transformation one safran apqp & aero excellence   safran safran malakoff management,5,Management
Actuaire Risques H/F Thélem assurances,Thélem assurances,Chécy - 45,CDI,il y a 20 heures,Chécy,45,CDI,Finance / Assurance,Actuaire Risques H/F Thélem assurances Thélem assurances Chécy CDI Finance / Assurance,actuaire risques   thélem assurances thélem assurances chécy finance / assurance,4,Finance / Assurance
Electricien·ne Tertiaire H/F Groupe Fauché,Groupe Fauché,Agen - 47,CDI,il y a 20 heures,Agen,47,CDI,Énergie / Technique,Electricien·ne Tertiaire H/F Groupe Fauché Groupe Fauché Agen CDI Énergie / Technique,electricien·ne tertiaire   groupe fauché groupe fauché agen énergie / technique,1,Énergie / Technique
Chef.Fe d'Équipe Électricité Tertiaire H/F Groupe Fauché,Groupe Fauché,Marmande - 47,CDI,il y a 20 heures,Marmande,47,CDI,Énergie / Technique,Chef.Fe d'Équipe Électricité Tertiaire H/F Groupe Fauché Groupe Fauché Marmande CDI Énergie / Technique,chef.fe d'équipe électricité tertiaire   groupe fauché groupe fauché marmande énergie / technique,1,Énergie / Technique
Référent des Prestataires de Service H/F Mondial Relay by InPost,Mondial Relay by InPost,Villeneuve-d'Ascq - 59,CDI,il y a 20 heures,Villeneuve-d'Ascq,59,CDI,Autre,Référent des Prestataires de Service H/F Mondial Relay by InPost Mondial Relay by InPost Villeneuve-d'Ascq CDI Autre,référent des prestataires de service   mondial relay by inpost mondial relay by inpost villeneuve-d'ascq autre,2,Autre
Responsable d'Atelier - le Havre H/F Loxam,Loxam,Le Havre - 76,CDI,il y a 20 heures,Le Havre,76,CDI,Management,Responsable d'Atelier - le Havre H/F Loxam Loxam Le Havre CDI Management,responsable d'atelier - le havre   loxam loxam le havre management,5,Management
Tuyauteur H/F Actemium - Cegelec Pau,Actemium - Cegelec Pau,Pardies - 64,CDI,il y a 20 heures,Pardies,64,CDI,Autre,Tuyauteur H/F Actemium - Cegelec Pau Actemium - Cegelec Pau Pardies CDI Autre,tuyauteur   actemium - cegelec pau actemium - cegelec pau pardies autre,2,Autre
Technicien de Chantiers Déshydratation H/F Veolia Agriculture France,Veolia Agriculture France,Nancy - 54,CDI,il y a 20 heures,Nancy,54,CDI,BTP,Technicien de Chantiers Déshydratation H/F Veolia Agriculture France Veolia Agriculture France Nancy CDI BTP,technicien de chantiers déshydratation   veolia agriculture veolia agriculture nancy btp,6,BTP
Ingénieur Génie Civil et Construction H/F Acxes,Acxes,Lyon - 69,CDI,il y a 20 heures,Lyon,69,CDI,Autre,Ingénieur Génie Civil et Construction H/F Acxes Acxes Lyon CDI Autre,ingénieur génie civil et construction   acxes acxes lyon autre,2,Autre
Assistant Ménager et de Prospection H/F Maison et Services,Maison et Services,Châlons-en-Champagne - 51,CDI,il y a 20 heures,Châlons-en-Champagne,51,CDI,Administration,Assistant Ménager et de Prospection H/F Maison et Services Maison et Services Châlons-en-Champagne CDI Administration,assistant ménager et de prospection   maison et services maison et services châlons-en-champagne administration,0,Commerce
Responsable Agence H/F Socotec,Socotec,Aix-en-Provence - 13,CDI,il y a 20 heures,Aix-en-Provence,13,CDI,Management,Responsable Agence H/F Socotec Socotec Aix-en-Provence CDI Management,responsable agence   socotec socotec aix-en-provence management,5,Management
Chef de Chantier Électricité Industrielle H/F Vinci Energies France Industrie Méditerranée,Vinci Energies France Industrie Méditerranée,Baillargues - 34,CDI,il y a 20 heures,Baillargues,34,CDI,BTP,Chef de Chantier Électricité Industrielle H/F Vinci Energies France Industrie Méditerranée Vinci Energies France Industrie Méditerranée Baillargues CDI BTP,chef de chantier électricité industrielle   vinci energies industrie méditerranée vinci energies industrie méditerranée baillargues btp,6,BTP
Dessinateur Charpente et Structure Bois H/F VCSP Batiment Nord Est et ANSC,VCSP Batiment Nord Est et ANSC,Saône-et-Loire - 71,CDI,il y a 20 heures,Saône-et-Loire,71,CDI,BTP,Dessinateur Charpente et Structure Bois H/F VCSP Batiment Nord Est et ANSC VCSP Batiment Nord Est et ANSC Saône-et-Loire CDI BTP,dessinateur charpente et structure bois   vcsp batiment nord est et ansc vcsp batiment nord est et ansc saône-et-loire btp,6,BTP
Opérateur Spécialisé en Transformation de Viandes H/F Sodebo,Sodebo,Montaigu-Vendée - 85,CDI,il y a 21 heures,Montaigu-Vendée,85,CDI,Autre,Opérateur Spécialisé en Transformation de Viandes H/F Sodebo Sodebo Montaigu-Vendée CDI Autre,opérateur spécialisé en transformation de viandes   sodebo sodebo montaigu-vendée autre,2,Autre
Manoeuvre TP H/F VINCI Energies Infrastructures Auvergne,VINCI Energies Infrastructures Auvergne,Clermont-Ferrand - 63,CDI,il y a 21 heures,Clermont-Ferrand,63,CDI,Énergie / Technique,Manoeuvre TP H/F VINCI Energies Infrastructures Auvergne VINCI Energies Infrastructures Auvergne Clermont-Ferrand CDI Énergie / Technique,manoeuvre tp   vinci energies infrastructures auvergne vinci energies infrastructures auvergne clermont-ferrand énergie / technique,1,Énergie / Technique
Chargé de Clientèle Bancaire Confirmé H/F Crédit Mutuel de Bretagne,Crédit Mutuel de Bretagne,Finistère - 29,CDI,il y a 21 heures,Finistère,29,CDI,Informatique,Chargé de Clientèle Bancaire Confirmé H/F Crédit Mutuel de Bretagne Crédit Mutuel de Bretagne Finistère CDI Informatique,chargé de clientèle bancaire confirmé   crédit mutuel de bretagne crédit mutuel de bretagne finistère informatique,3,Informatique
Chef.Fe d'Équipe Électricité Tertiaire H/F Groupe Fauché,Groupe Fauché,Agen - 47,CDI,il y a 20 heures,Agen,47,CDI,Énergie / Technique,Chef.Fe d'Équipe Électricité Tertiaire H/F Groupe Fauché Groupe Fauché Agen CDI Énergie / Technique,chef.fe d'équipe électricité tertiaire   groupe fauché groupe fauché agen énergie / technique,1,Énergie / Technique
Électricien Industriel et Tertiare Confirmé H/F SPIE Facilities,SPIE Facilities,Saint-Apollinaire - 21,CDI,il y a 20 heures,Saint-Apollinaire,21,CDI,Énergie / Technique,Électricien Industriel et Tertiare Confirmé H/F SPIE Facilities SPIE Facilities Saint-Apollinaire CDI Énergie / Technique,électricien industriel et tertiare confirmé   spie facilities spie facilities saint-apollinaire énergie / technique,1,Énergie / Technique
Chef.Fe de Chantier Électricité Tertiaire H/F Groupe Fauché,Groupe Fauché,Agen - 47,CDI,il y a 20 heures,Agen,47,CDI,BTP,Chef.Fe de Chantier Électricité Tertiaire H/F Groupe Fauché Groupe Fauché Agen CDI BTP,chef.fe de chantier électricité tertiaire   groupe fauché groupe fauché agen btp,6,BTP
Ingénieur - Technicien Atex H/F Bureau Veritas,Bureau Veritas,Fontenay-aux-Roses - 92,CDI,il y a 20 heures,Fontenay-aux-Roses,92,CDI,Énergie / Technique,Ingénieur - Technicien Atex H/F Bureau Veritas Bureau Veritas Fontenay-aux-Roses CDI Énergie / Technique,ingénieur - technicien atex   bureau veritas bureau veritas fontenay-aux-roses énergie / technique,1,Énergie / Technique
Spécialiste SEO - SEA H/F OASIS Projet,OASIS Projet,Saint-Étienne-du-Rouvray - 76,CDI,il y a 20 heures,Saint-Étienne-du-Rouvray,76,CDI,Autre,Spécialiste SEO - SEA H/F OASIS Projet OASIS Projet Saint-Étienne-du-Rouvray CDI Autre,spécialiste seo - sea   oasis projet oasis projet saint-étienne-du-rouvray autre,2,Autre
Projeteur en Électricité H/F Groupe Fauché,Groupe Fauché,Vitrolles - 13,CDI,il y a 20 heures,Vitrolles,13,CDI,Énergie / Technique,Projeteur en Électricité H/F Groupe Fauché Groupe Fauché Vitrolles CDI Énergie / Technique,projeteur en électricité   groupe fauché groupe fauché vitrolles énergie / technique,1,Énergie / Technique
Chef de Projet Amélioration Continue H/F Groupe ONET,Groupe ONET,Madrid - Espagne,CDI,il y a 20 heures,Madrid - Espagne,0,CDI,Management,Chef de Projet Amélioration Continue H/F Groupe ONET Groupe ONET Madrid - Espagne CDI Management,chef de projet amélioration continue   groupe onet groupe onet madrid - espagne management,5,Management
Analyste Programmeur COBOL - Nantes H/F Mosica,Mosica,Nantes - 44,CDI,il y a 20 heures,Nantes,44,CDI,Autre,Analyste Programmeur COBOL - Nantes H/F Mosica Mosica Nantes CDI Autre,analyste programmeur cobol - nantes   mosica mosica nantes autre,2,Autre
Chef de Département Dérivés Chlorés et Coproduits H/F Kem One,Kem One,Rhône - 69,CDI,il y a 20 heures,Rhône,69,CDI,Informatique,Chef de Département Dérivés Chlorés et Coproduits H/F Kem One Kem One Rhône CDI Informatique,chef de département dérivés chlorés et coproduits   kem one kem one rhône informatique,3,Informatique
Assistant Administratif H/F AURA,AURA,Colomiers - 31,CDI,il y a 18 heures,Colomiers,31,CDI,Administration,Assistant Administratif H/F AURA AURA Colomiers CDI Administration,assistant administratif   aura aura colomiers administration,0,Commerce
Responsable Bureau d'Études CFO - CFA H/F VINCI Energies France Infras Sud Ouest Antilles Guyane,VINCI Energies France Infras Sud Ouest Antilles Guyane,Le Lamentin - 972,CDI,il y a 20 heures,Le Lamentin,972,CDI,Énergie / Technique,Responsable Bureau d'Études CFO - CFA H/F VINCI Energies France Infras Sud Ouest Antilles Guyane VINCI Energies France Infras Sud Ouest Antilles Guyane Le Lamentin CDI Énergie / Technique,responsable bureau d'études cfo - cfa   vinci energies infras sud ouest antilles guyane vinci energies infras sud ouest antilles guyane le lamentin énergie / technique,1,Énergie / Technique
Technicien Télécom Radio H/F VINCI Energies France Infras Sud Ouest Antilles Guyane,VINCI Energies France Infras Sud Ouest Antilles Guyane,Le Lamentin - 972,CDI,il y a 20 heures,Le Lamentin,972,CDI,Énergie / Technique,Technicien Télécom Radio H/F VINCI Energies France Infras Sud Ouest Antilles Guyane VINCI Energies France Infras Sud Ouest Antilles Guyane Le Lamentin CDI Énergie / Technique,technicien télécom radio   vinci energies infras sud ouest antilles guyane vinci energies infras sud ouest antilles guyane le lamentin énergie / technique,1,Énergie / Technique
Adjoint Responsable Qualité Mayenne 53 H/F Lactalis,Lactalis,Mayenne - 53,CDI,il y a 19 heures,Mayenne,53,CDI,Qualité / QHSE,Adjoint Responsable Qualité Mayenne 53 H/F Lactalis Lactalis Mayenne CDI Qualité / QHSE,adjoint responsable qualité mayenne 53   lactalis lactalis mayenne qualité / qhse,0,Commerce
Hospitality Manager H/F Armonia Hospitality,Armonia Hospitality,Paris - 75,CDI,il y a 19 heures,Paris,75,CDI,Informatique,Hospitality Manager H/F Armonia Hospitality Armonia Hospitality Paris CDI Informatique,hospitality manager   armonia hospitality armonia hospitality paris informatique,3,Informatique
Hôte - Hôtesse d'Accueil Standardiste H/F Phone Régie,Phone Régie,Strasbourg - 67,CDI,il y a 19 heures,Strasbourg,67,CDI,Autre,Hôte - Hôtesse d'Accueil Standardiste H/F Phone Régie Phone Régie Strasbourg CDI Autre,hôte - hôtesse d'accueil standardiste   phone régie phone régie strasbourg autre,2,Autre
Magasinier Polyvalent H/F Parts Holding Europe,Parts Holding Europe,Meaux - 77,CDI,il y a 19 heures,Meaux,77,CDI,Logistique,Magasinier Polyvalent H/F Parts Holding Europe Parts Holding Europe Meaux CDI Logistique,magasinier polyvalent   parts holding europe parts holding europe meaux logistique,0,Commerce
Mécanicien Automobile H/F Volkswagen,Volkswagen,Mâcon - 71,CDI,il y a 19 heures,Mâcon,71,CDI,Autre,Mécanicien Automobile H/F Volkswagen Volkswagen Mâcon CDI Autre,mécanicien automobile   volkswagen volkswagen mâcon autre,2,Autre
Intitulé de Poste H/F AIS,AIS,Saint-Herblain - 44,CDI,il y a 19 heures,Saint-Herblain,44,CDI,Informatique,Intitulé de Poste H/F AIS AIS Saint-Herblain CDI Informatique,intitulé de poste   ais ais saint-herblain informatique,3,Informatique
Coordinateur H/F La Société Les Jardins d'Arcadie,La Société Les Jardins d'Arcadie,Le Bois-Plage-en-Ré - 17,CDI,il y a 19 heures,Le Bois-Plage-en-Ré,17,CDI,Autre,Coordinateur H/F La Société Les Jardins d'Arcadie La Société Les Jardins d'Arcadie Le Bois-Plage-en-Ré CDI Autre,coordinateur   la société les jardins d'arcadie la société les jardins d'arcadie le bois-plage-en-ré autre,2,Autre
Cuisinier H/F Api Restauration,Api Restauration,Châteaulin - 29,CDI,il y a 19 heures,Châteaulin,29,CDI,Restauration,Cuisinier H/F Api Restauration Api Restauration Châteaulin CDI Restauration,cuisinier   api restauration api restauration châteaulin restauration,7,Restauration
Assistant·e.S Techniques et Relations Locataires H/F Archipel Habitat,Archipel Habitat,Rennes - 35,CDI,il y a 19 heures,Rennes,35,CDI,Informatique,Assistant·e.S Techniques et Relations Locataires H/F Archipel Habitat Archipel Habitat Rennes CDI Informatique,assistant·e.s techniques et relations locataires   archipel habitat archipel habitat rennes informatique,3,Informatique
Agent de Propreté H/F ABER Propreté,ABER Propreté,La Chapelle-sur-Erdre - 44,CDI,il y a 19 heures,La Chapelle-sur-Erdre,44,CDI,Autre,Agent de Propreté H/F ABER Propreté ABER Propreté La Chapelle-sur-Erdre CDI Autre,agent de propreté   aber propreté aber propreté la chapelle-sur-erdre autre,2,Autre
Jardinier Paysagiste Création H/F Daniel Moquet signe vos jardins,Daniel Moquet signe vos jardins,Bayonne - 64,CDI,il y a 19 heures,Bayonne,64,CDI,Autre,Jardinier Paysagiste Création H/F Daniel Moquet signe vos jardins Daniel Moquet signe vos jardins Bayonne CDI Autre,jardinier paysagiste création   daniel moquet signe vos jardins daniel moquet signe vos jardins bayonne autre,2,Autre
Agent de Propreté H/F ABER Propreté,ABER Propreté,Blain - 44,CDI,il y a 19 heures,Blain,44,CDI,Autre,Agent de Propreté H/F ABER Propreté ABER Propreté Blain CDI Autre,agent de propreté   aber propreté aber propreté blain autre,2,Autre
Mécanicien - Mécanicienne Automobile H/F Norauto,Norauto,Saint-Parres-aux-Tertres - 10,CDI,il y a 20 heures,Saint-Parres-aux-Tertres,10,CDI,Autre,Mécanicien - Mécanicienne Automobile H/F Norauto Norauto Saint-Parres-aux-Tertres CDI Autre,mécanicien - mécanicienne automobile   norauto norauto saint-parres-aux-tertres autre,2,Autre
Ingénieur Sécurité des Procédés H/F Hexcel,Hexcel,Le Péage-de-Roussillon - 38,CDI,il y a 20 heures,Le Péage-de-Roussillon,38,CDI,Qualité / QHSE,Ingénieur Sécurité des Procédés H/F Hexcel Hexcel Le Péage-de-Roussillon CDI Qualité / QHSE,ingénieur sécurité des procédés   hexcel hexcel le péage-de-roussillon qualité / qhse,0,Commerce
Mécanicien - Mécanicienne Automobile H/F Norauto,Norauto,Chantepie - 35,CDI,il y a 20 heures,Chantepie,35,CDI,Autre,Mécanicien - Mécanicienne Automobile H/F Norauto Norauto Chantepie CDI Autre,mécanicien - mécanicienne automobile   norauto norauto chantepie autre,2,Autre
Technicien de Maintenance Itinérant H/F SDEZ,SDEZ,France,CDI,il y a 20 heures,France,0,CDI,Énergie / Technique,Technicien de Maintenance Itinérant H/F SDEZ SDEZ France CDI Énergie / Technique,technicien de maintenance itinérant   sdez sdez énergie / technique,1,Énergie / Technique
Chargé de Développement Commercial H/F TGS France,TGS France,Saint-Lô - 50,CDI,il y a 20 heures,Saint-Lô,50,CDI,Commerce,Chargé de Développement Commercial H/F TGS France TGS France Saint-Lô CDI Commerce,chargé de développement commercial   tgs tgs saint-lô commerce,0,Commerce
Responsable Logistique H/F Picnic Technologies,Picnic Technologies,Moissy-Cramayel - 77,CDI,il y a 20 heures,Moissy-Cramayel,77,CDI,Logistique,Responsable Logistique H/F Picnic Technologies Picnic Technologies Moissy-Cramayel CDI Logistique,responsable logistique   picnic technologies picnic technologies moissy-cramayel logistique,0,Commerce
Cuisinier H/F Vitalrest,Vitalrest,Castelnau-le-Lez - 34,CDI,il y a 20 heures,Castelnau-le-Lez,34,CDI,Restauration,Cuisinier H/F Vitalrest Vitalrest Castelnau-le-Lez CDI Restauration,cuisinier   vitalrest vitalrest castelnau-le-lez restauration,7,Restauration
Conducteur d'Engins en Scierie H/F Groupe Barillet,Groupe Barillet,Vitry-aux-Loges - 45,CDI,il y a 20 heures,Vitry-aux-Loges,45,CDI,BTP,Conducteur d'Engins en Scierie H/F Groupe Barillet Groupe Barillet Vitry-aux-Loges CDI BTP,conducteur d'engins en scierie   groupe barillet groupe barillet vitry-aux-loges btp,6,BTP
Chargé d'Etudes Géotechniques H/F Ramery,Ramery,Harnes - 62,CDI,il y a 20 heures,Harnes,62,CDI,BTP,Chargé d'Etudes Géotechniques H/F Ramery Ramery Harnes CDI BTP,chargé d'etudes géotechniques   ramery ramery harnes btp,6,BTP
Gestionnaire de Parc - Feyzin H/F Kiloutou,Kiloutou,Feyzin - 69,CDI,il y a 20 heures,Feyzin,69,CDI,Administration,Gestionnaire de Parc - Feyzin H/F Kiloutou Kiloutou Feyzin CDI Administration,gestionnaire de parc - feyzin   kiloutou kiloutou feyzin administration,0,Commerce
Consultant Expérience Client & Solutions Saas H/F Ingram Micro,Ingram Micro,Lesquin - 59,CDI,il y a 20 heures,Lesquin,59,CDI,Autre,Consultant Expérience Client & Solutions Saas H/F Ingram Micro Ingram Micro Lesquin CDI Autre,consultant expérience client & solutions saas   ingram micro ingram micro lesquin autre,2,Autre
Chargé d'Études de Prix - Electricité H/F Groupe Fauché,Groupe Fauché,Périgueux - 24,CDI,il y a 20 heures,Périgueux,24,CDI,Énergie / Technique,Chargé d'Études de Prix - Electricité H/F Groupe Fauché Groupe Fauché Périgueux CDI Énergie / Technique,chargé d'études de prix - electricité   groupe fauché groupe fauché périgueux énergie / technique,1,Énergie / Technique
Conducteur PL de Nuit avec CACES 1-3-5 H/F GT Solutions,GT Solutions,Pantin - 93,CDI,il y a 20 heures,Pantin,93,CDI,Logistique,Conducteur PL de Nuit avec CACES 1-3-5 H/F GT Solutions GT Solutions Pantin CDI Logistique,conducteur pl de nuit avec caces 1-3-5   gt solutions gt solutions pantin logistique,0,Commerce
Assistant Ménager et de Prospection H/F Maison et Services,Maison et Services,Châlons-en-Champagne - 51,CDI,il y a 20 heures,Châlons-en-Champagne,51,CDI,Administration,Assistant Ménager et de Prospection H/F Maison et Services Maison et Services Châlons-en-Champagne CDI Administration,assistant ménager et de prospection   maison et services maison et services châlons-en-champagne administration,0,Commerce
Responsable Agence H/F Socotec,Socotec,Aix-en-Provence - 13,CDI,il y a 20 heures,Aix-en-Provence,13,CDI,Management,Responsable Agence H/F Socotec Socotec Aix-en-Provence CDI Management,responsable agence   socotec socotec aix-en-provence management,5,Management
Opérateur Spécialisé - Cuisinier H/F Sodebo,Sodebo,Montaigu-Vendée - 85,CDI,il y a 21 heures,Montaigu-Vendée,85,CDI,Restauration,Opérateur Spécialisé - Cuisinier H/F Sodebo Sodebo Montaigu-Vendée CDI Restauration,opérateur spécialisé - cuisinier   sodebo sodebo montaigu-vendée restauration,7,Restauration
Technicien de Maintenance - Mécanicien H/F Veolia Environnement,Veolia Environnement,Dombasle-sur-Meurthe - 54,CDI,il y a 21 heures,Dombasle-sur-Meurthe,54,CDI,Énergie / Technique,Technicien de Maintenance - Mécanicien H/F Veolia Environnement Veolia Environnement Dombasle-sur-Meurthe CDI Énergie / Technique,technicien de maintenance - mécanicien   veolia environnement veolia environnement dombasle-sur-meurthe énergie / technique,1,Énergie / Technique
Consultant Confirmé Système - Lyon H/F CNS Communications,CNS Communications,Lyon 2e - 69,CDI,il y a 21 heures,Lyon 2e,69,CDI,Autre,Consultant Confirmé Système - Lyon H/F CNS Communications CNS Communications Lyon 2e CDI Autre,consultant confirmé système - lyon   cns communications cns communications lyon 2e autre,2,Autre
Ingénieur Automatisation & Netdevops - Lyon H/F CNS Communications,CNS Communications,Lyon 2e - 69,CDI,il y a 21 heures,Lyon 2e,69,CDI,Autre,Ingénieur Automatisation & Netdevops - Lyon H/F CNS Communications CNS Communications Lyon 2e CDI Autre,ingénieur automatisation & netdevops - lyon   cns communications cns communications lyon 2e autre,2,Autre
Opérateur Spécialisé en Transformation de Viandes H/F Sodebo,Sodebo,Montaigu-Vendée - 85,CDI,il y a 21 heures,Montaigu-Vendée,85,CDI,Autre,Opérateur Spécialisé en Transformation de Viandes H/F Sodebo Sodebo Montaigu-Vendée CDI Autre,opérateur spécialisé en transformation de viandes   sodebo sodebo montaigu-vendée autre,2,Autre
Manoeuvre TP H/F VINCI Energies Infrastructures Auvergne,VINCI Energies Infrastructures Auvergne,Clermont-Ferrand - 63,CDI,il y a 21 heures,Clermont-Ferrand,63,CDI,Énergie / Technique,Manoeuvre TP H/F VINCI Energies Infrastructures Auvergne VINCI Energies Infrastructures Auvergne Clermont-Ferrand CDI Énergie / Technique,manoeuvre tp   vinci energies infrastructures auvergne vinci energies infrastructures auvergne clermont-ferrand énergie / technique,1,Énergie / Technique
Chargé de Clientèle Bancaire Confirmé H/F Crédit Mutuel de Bretagne,Crédit Mutuel de Bretagne,Finistère - 29,CDI,il y a 21 heures,Finistère,29,CDI,Informatique,Chargé de Clientèle Bancaire Confirmé H/F Crédit Mutuel de Bretagne Crédit Mutuel de Bretagne Finistère CDI Informatique,chargé de clientèle bancaire confirmé   crédit mutuel de bretagne crédit mutuel de bretagne finistère informatique,3,Informatique
Chef.Fe d'Équipe Électricité Tertiaire H/F Groupe Fauché,Groupe Fauché,Agen - 47,CDI,il y a 21 heures,Agen,47,CDI,Énergie / Technique,Chef.Fe d'Équipe Électricité Tertiaire H/F Groupe Fauché Groupe Fauché Agen CDI Énergie / Technique,chef.fe d'équipe électricité tertiaire   groupe fauché groupe fauché agen énergie / technique,1,Énergie / Technique
Électricien Industriel et Tertiare Confirmé H/F SPIE Facilities,SPIE Facilities,Saint-Apollinaire - 21,CDI,il y a 21 heures,Saint-Apollinaire,21,CDI,Énergie / Technique,Électricien Industriel et Tertiare Confirmé H/F SPIE Facilities SPIE Facilities Saint-Apollinaire CDI Énergie / Technique,électricien industriel et tertiare confirmé   spie facilities spie facilities saint-apollinaire énergie / technique,1,Énergie / Technique
Chef.Fe de Chantier Électricité Tertiaire H/F Groupe Fauché,Groupe Fauché,Agen - 47,CDI,il y a 21 heures,Agen,47,CDI,BTP,Chef.Fe de Chantier Électricité Tertiaire H/F Groupe Fauché Groupe Fauché Agen CDI BTP,chef.fe de chantier électricité tertiaire   groupe fauché groupe fauché agen btp,6,BTP
Ingénieur - Technicien Atex H/F Bureau Veritas,Bureau Veritas,Fontenay-aux-Roses - 92,CDI,il y a 21 heures,Fontenay-aux-Roses,92,CDI,Énergie / Technique,Ingénieur - Technicien Atex H/F Bureau Veritas Bureau Veritas Fontenay-aux-Roses CDI Énergie / Technique,ingénieur - technicien atex   bureau veritas bureau veritas fontenay-aux-roses énergie / technique,1,Énergie / Technique
Spécialiste SEO - SEA H/F OASIS Projet,OASIS Projet,Saint-Étienne-du-Rouvray - 76,CDI,il y a 21 heures,Saint-Étienne-du-Rouvray,76,CDI,Autre,Spécialiste SEO - SEA H/F OASIS Projet OASIS Projet Saint-Étienne-du-Rouvray CDI Autre,spécialiste seo - sea   oasis projet oasis projet saint-étienne-du-rouvray autre,2,Autre
Projeteur en Électricité H/F Groupe Fauché,Groupe Fauché,Vitrolles - 13,CDI,il y a 21 heures,Vitrolles,13,CDI,Énergie / Technique,Projeteur en Électricité H/F Groupe Fauché Groupe Fauché Vitrolles CDI Énergie / Technique,projeteur en électricité   groupe fauché groupe fauché vitrolles énergie / technique,1,Énergie / Technique
Chef de Projet Amélioration Continue H/F Groupe ONET,Groupe ONET,Madrid - Espagne,CDI,il y a 21 heures,Madrid - Espagne,0,CDI,Management,Chef de Projet Amélioration Continue H/F Groupe ONET Groupe ONET Madrid - Espagne CDI Management,chef de projet amélioration continue   groupe onet groupe onet madrid - espagne management,5,Management
Analyste Programmeur COBOL - Nantes H/F Mosica,Mosica,Nantes - 44,CDI,il y a 21 heures,Nantes,44,CDI,Autre,Analyste Programmeur COBOL - Nantes H/F Mosica Mosica Nantes CDI Autre,analyste programmeur cobol - nantes   mosica mosica nantes autre,2,Autre
Expert Trade & Cycle d'Exploitation H/F Arkea Banque Entreprises et Institutionnels,Arkea Banque Entreprises et Institutionnels,Rennes - 35,CDI,il y a 21 heures,Rennes,35,CDI,Informatique,Expert Trade & Cycle d'Exploitation H/F Arkea Banque Entreprises et Institutionnels Arkea Banque Entreprises et Institutionnels Rennes CDI Informatique,expert trade & cycle d'exploitation   arkea banque entreprises et institutionnels arkea banque entreprises et institutionnels rennes informatique,3,Informatique
Directeur Technique H/F Fives Groupe,Fives Groupe,Héricourt - 70,CDI,il y a 21 heures,Héricourt,70,CDI,Informatique,Directeur Technique H/F Fives Groupe Fives Groupe Héricourt CDI Informatique,directeur technique   fives groupe fives groupe héricourt informatique,3,Informatique
Ecologue Faunes H/F ECR Environnement,ECR Environnement,Villebon-sur-Yvette - 91,CDI,il y a 21 heures,Villebon-sur-Yvette,91,CDI,Autre,Ecologue Faunes H/F ECR Environnement ECR Environnement Villebon-sur-Yvette CDI Autre,ecologue faunes   ecr environnement ecr environnement villebon-sur-yvette autre,2,Autre
SAP S - 4 Hana Technical Consultant Basis Cpi - EDI Interfaces H/F Hozelock Exel,Hozelock Exel,Arnas - 69,CDI,il y a 21 heures,Arnas,69,CDI,Informatique,SAP S - 4 Hana Technical Consultant Basis Cpi - EDI Interfaces H/F Hozelock Exel Hozelock Exel Arnas CDI Informatique,sap s - 4 hana technical consultant basis cpi - edi interfaces   hozelock exel hozelock exel arnas informatique,3,Informatique
Directeur de Marché - Région - Nord E1 H/F Kone,Kone,Reims - 51,CDI,il y a 21 heures,Reims,51,CDI,Management,Directeur de Marché - Région - Nord E1 H/F Kone Kone Reims CDI Management,directeur de marché - région - nord e1   kone kone reims management,5,Management
Ingénieur Génie Civil H/F Orano,Orano,La Hague - 50,CDI,il y a 20 heures,La Hague,50,CDI,Autre,Ingénieur Génie Civil H/F Orano Orano La Hague CDI Autre,ingénieur génie civil   orano orano la hague autre,2,Autre
Service Team Leader Doors H/F Kone,Kone,Belgique,CDI,il y a 20 heures,Belgique,0,CDI,Autre,Service Team Leader Doors H/F Kone Kone Belgique CDI Autre,service team leader doors   kone kone belgique autre,2,Autre
Technicien SSI H/F Eryma Sas,Eryma Sas,Couëron - 44,CDI,il y a 20 heures,Couëron,44,CDI,Énergie / Technique,Technicien SSI H/F Eryma Sas Eryma Sas Couëron CDI Énergie / Technique,technicien ssi   eryma sas eryma sas couëron énergie / technique,1,Énergie / Technique
Educateur Spécialisé H/F Fondation de la maison du Diaconat,Fondation de la maison du Diaconat,Mulhouse - 68,CDI,il y a 20 heures,Mulhouse,68,CDI,Autre,Educateur Spécialisé H/F Fondation de la maison du Diaconat Fondation de la maison du Diaconat Mulhouse CDI Autre,educateur spécialisé   fondation de la maison du diaconat fondation de la maison du diaconat mulhouse autre,2,Autre
Actuaire Risques H/F Thélem assurances,Thélem assurances,Chécy - 45,CDI,il y a 20 heures,Chécy,45,CDI,Finance / Assurance,Actuaire Risques H/F Thélem assurances Thélem assurances Chécy CDI Finance / Assurance,actuaire risques   thélem assurances thélem assurances chécy finance / assurance,4,Finance / Assurance
Electricien·ne Tertiaire H/F Groupe Fauché,Groupe Fauché,Agen - 47,CDI,il y a 20 heures,Agen,47,CDI,Énergie / Technique,Electricien·ne Tertiaire H/F Groupe Fauché Groupe Fauché Agen CDI Énergie / Technique,electricien·ne tertiaire   groupe fauché groupe fauché agen énergie / technique,1,Énergie / Technique
Chef.Fe d'Équipe Électricité Tertiaire H/F Groupe Fauché,Groupe Fauché,Marmande - 47,CDI,il y a 20 heures,Marmande,47,CDI,Énergie / Technique,Chef.Fe d'Équipe Électricité Tertiaire H/F Groupe Fauché Groupe Fauché Marmande CDI Énergie / Technique,chef.fe d'équipe électricité tertiaire   groupe fauché groupe fauché marmande énergie / technique,1,Énergie / Technique
Référent des Prestataires de Service H/F Mondial Relay by InPost,Mondial Relay by InPost,Villeneuve-d'Ascq - 59,CDI,il y a 20 heures,Villeneuve-d'Ascq,59,CDI,Autre,Référent des Prestataires de Service H/F Mondial Relay by InPost Mondial Relay by InPost Villeneuve-d'Ascq CDI Autre,référent des prestataires de service   mondial relay by inpost mondial relay by inpost villeneuve-d'ascq autre,2,Autre
Responsable d'Atelier - le Havre H/F Loxam,Loxam,Le Havre - 76,CDI,il y a 20 heures,Le Havre,76,CDI,Management,Responsable d'Atelier - le Havre H/F Loxam Loxam Le Havre CDI Management,responsable d'atelier - le havre   loxam loxam le havre management,5,Management
Tuyauteur H/F Actemium - Cegelec Pau,Actemium - Cegelec Pau,Pardies - 64,CDI,il y a 20 heures,Pardies,64,CDI,Autre,Tuyauteur H/F Actemium - Cegelec Pau Actemium - Cegelec Pau Pardies CDI Autre,tuyauteur   actemium - cegelec pau actemium - cegelec pau pardies autre,2,Autre
Opérateur Spécialisé - Cuisinier H/F Sodebo,Sodebo,Montaigu-Vendée - 85,CDI,il y a 21 heures,Montaigu-Vendée,85,CDI,Restauration,Opérateur Spécialisé - Cuisinier H/F Sodebo Sodebo Montaigu-Vendée CDI Restauration,opérateur spécialisé - cuisinier   sodebo sodebo montaigu-vendée restauration,7,Restauration
Technicien de Maintenance - Mécanicien H/F Veolia Environnement,Veolia Environnement,Dombasle-sur-Meurthe - 54,CDI,il y a 21 heures,Dombasle-sur-Meurthe,54,CDI,Énergie / Technique,Technicien de Maintenance - Mécanicien H/F Veolia Environnement Veolia Environnement Dombasle-sur-Meurthe CDI Énergie / Technique,technicien de maintenance - mécanicien   veolia environnement veolia environnement dombasle-sur-meurthe énergie / technique,1,Énergie / Technique
Consultant Confirmé Système - Lyon H/F CNS Communications,CNS Communications,Lyon 2e - 69,CDI,il y a 21 heures,Lyon 2e,69,CDI,Autre,Consultant Confirmé Système - Lyon H/F CNS Communications CNS Communications Lyon 2e CDI Autre,consultant confirmé système - lyon   cns communications cns communications lyon 2e autre,2,Autre
Ingénieur Automatisation & Netdevops - Lyon H/F CNS Communications,CNS Communications,Lyon 2e - 69,CDI,il y a 21 heures,Lyon 2e,69,CDI,Autre,Ingénieur Automatisation & Netdevops - Lyon H/F CNS Communications CNS Communications Lyon 2e CDI Autre,ingénieur automatisation & netdevops - lyon   cns communications cns communications lyon 2e autre,2,Autre
Opérateur Spécialisé en Transformation de Viandes H/F Sodebo,Sodebo,Montaigu-Vendée - 85,CDI,il y a 21 heures,Montaigu-Vendée,85,CDI,Autre,Opérateur Spécialisé en Transformation de Viandes H/F Sodebo Sodebo Montaigu-Vendée CDI Autre,opérateur spécialisé en transformation de viandes   sodebo sodebo montaigu-vendée autre,2,Autre
Manoeuvre TP H/F VINCI Energies Infrastructures Auvergne,VINCI Energies Infrastructures Auvergne,Clermont-Ferrand - 63,CDI,il y a 21 heures,Clermont-Ferrand,63,CDI,Énergie / Technique,Manoeuvre TP H/F VINCI Energies Infrastructures Auvergne VINCI Energies Infrastructures Auvergne Clermont-Ferrand CDI Énergie / Technique,manoeuvre tp   vinci energies infrastructures auvergne vinci energies infrastructures auvergne clermont-ferrand énergie / technique,1,Énergie / Technique
Chargé de Clientèle Bancaire Confirmé H/F Crédit Mutuel de Bretagne,Crédit Mutuel de Bretagne,Finistère - 29,CDI,il y a 21 heures,Finistère,29,CDI,Informatique,Chargé de Clientèle Bancaire Confirmé H/F Crédit Mutuel de Bretagne Crédit Mutuel de Bretagne Finistère CDI Informatique,chargé de clientèle bancaire confirmé   crédit mutuel de bretagne crédit mutuel de bretagne finistère informatique,3,Informatique
Chef.Fe d'Équipe Électricité Tertiaire H/F Groupe Fauché,Groupe Fauché,Agen - 47,CDI,il y a 21 heures,Agen,47,CDI,Énergie / Technique,Chef.Fe d'Équipe Électricité Tertiaire H/F Groupe Fauché Groupe Fauché Agen CDI Énergie / Technique,chef.fe d'équipe électricité tertiaire   groupe fauché groupe fauché agen énergie / technique,1,Énergie / Technique
Électricien Industriel et Tertiare Confirmé H/F SPIE Facilities,SPIE Facilities,Saint-Apollinaire - 21,CDI,il y a 21 heures,Saint-Apollinaire,21,CDI,Énergie / Technique,Électricien Industriel et Tertiare Confirmé H/F SPIE Facilities SPIE Facilities Saint-Apollinaire CDI Énergie / Technique,électricien industriel et tertiare confirmé   spie facilities spie facilities saint-apollinaire énergie / technique,1,Énergie / Technique
Chef.Fe de Chantier Électricité Tertiaire H/F Groupe Fauché,Groupe Fauché,Agen - 47,CDI,il y a 21 heures,Agen,47,CDI,BTP,Chef.Fe de Chantier Électricité Tertiaire H/F Groupe Fauché Groupe Fauché Agen CDI BTP,chef.fe de chantier électricité tertiaire   groupe fauché groupe fauché agen btp,6,BTP
Ingénieur - Technicien Atex H/F Bureau Veritas,Bureau Veritas,Fontenay-aux-Roses - 92,CDI,il y a 21 heures,Fontenay-aux-Roses,92,CDI,Énergie / Technique,Ingénieur - Technicien Atex H/F Bureau Veritas Bureau Veritas Fontenay-aux-Roses CDI Énergie / Technique,ingénieur - technicien atex   bureau veritas bureau veritas fontenay-aux-roses énergie / technique,1,Énergie / Technique
Spécialiste SEO - SEA H/F OASIS Projet,OASIS Projet,Saint-Étienne-du-Rouvray - 76,CDI,il y a 21 heures,Saint-Étienne-du-Rouvray,76,CDI,Autre,Spécialiste SEO - SEA H/F OASIS Projet OASIS Projet Saint-Étienne-du-Rouvray CDI Autre,spécialiste seo - sea   oasis projet oasis projet saint-étienne-du-rouvray autre,2,Autre
Projeteur en Électricité H/F Groupe Fauché,Groupe Fauché,Vitrolles - 13,CDI,il y a 21 heures,Vitrolles,13,CDI,Énergie / Technique,Projeteur en Électricité H/F Groupe Fauché Groupe Fauché Vitrolles CDI Énergie / Technique,projeteur en électricité   groupe fauché groupe fauché vitrolles énergie / technique,1,Énergie / Technique
Chef de Projet Amélioration Continue H/F Groupe ONET,Groupe ONET,Madrid - Espagne,CDI,il y a 21 heures,Madrid - Espagne,0,CDI,Management,Chef de Projet Amélioration Continue H/F Groupe ONET Groupe ONET Madrid - Espagne CDI Management,chef de projet amélioration continue   groupe onet groupe onet madrid - espagne management,5,Management
Analyste Programmeur COBOL - Nantes H/F Mosica,Mosica,Nantes - 44,CDI,il y a 21 heures,Nantes,44,CDI,Autre,Analyste Programmeur COBOL - Nantes H/F Mosica Mosica Nantes CDI Autre,analyste programmeur cobol - nantes   mosica mosica nantes autre,2,Autre
Expert Trade & Cycle d'Exploitation H/F Arkea Banque Entreprises et Institutionnels,Arkea Banque Entreprises et Institutionnels,Rennes - 35,CDI,il y a 21 heures,Rennes,35,CDI,Informatique,Expert Trade & Cycle d'Exploitation H/F Arkea Banque Entreprises et Institutionnels Arkea Banque Entreprises et Institutionnels Rennes CDI Informatique,expert trade & cycle d'exploitation   arkea banque entreprises et institutionnels arkea banque entreprises et institutionnels rennes informatique,3,Informatique
Directeur Technique H/F Fives Groupe,Fives Groupe,Héricourt - 70,CDI,il y a 21 heures,Héricourt,70,CDI,Informatique,Directeur Technique H/F Fives Groupe Fives Groupe Héricourt CDI Informatique,directeur technique   fives groupe fives groupe héricourt informatique,3,Informatique
Ecologue Faunes H/F ECR Environnement,ECR Environnement,Villebon-sur-Yvette - 91,CDI,il y a 21 heures,Villebon-sur-Yvette,91,CDI,Autre,Ecologue Faunes H/F ECR Environnement ECR Environnement Villebon-sur-Yvette CDI Autre,ecologue faunes   ecr environnement ecr environnement villebon-sur-yvette autre,2,Autre
SAP S - 4 Hana Technical Consultant Basis Cpi - EDI Interfaces H/F Hozelock Exel,Hozelock Exel,Arnas - 69,CDI,il y a 21 heures,Arnas,69,CDI,Informatique,SAP S - 4 Hana Technical Consultant Basis Cpi - EDI Interfaces H/F Hozelock Exel Hozelock Exel Arnas CDI Informatique,sap s - 4 hana technical consultant basis cpi - edi interfaces   hozelock exel hozelock exel arnas informatique,3,Informatique
Directeur de Marché - Région - Nord E1 H/F Kone,Kone,Reims - 51,CDI,il y a 21 heures,Reims,51,CDI,Management,Directeur de Marché - Région - Nord E1 H/F Kone Kone Reims CDI Management,directeur de marché - région - nord e1   kone kone reims management,5,Management
Ingénieur Génie Civil H/F Orano,Orano,La Hague - 50,CDI,il y a 20 heures,La Hague,50,CDI,Autre,Ingénieur Génie Civil H/F Orano Orano La Hague CDI Autre,ingénieur génie civil   orano orano la hague autre,2,Autre
Service Team Leader Doors H/F Kone,Kone,Belgique,CDI,il y a 20 heures,Belgique,0,CDI,Autre,Service Team Leader Doors H/F Kone Kone Belgique CDI Autre,service team leader doors   kone kone belgique autre,2,Autre
Technicien SSI H/F Eryma Sas,Eryma Sas,Couëron - 44,CDI,il y a 20 heures,Couëron,44,CDI,Énergie / Technique,Technicien SSI H/F Eryma Sas Eryma Sas Couëron CDI Énergie / Technique,technicien ssi   eryma sas eryma sas couëron énergie / technique,1,Énergie / Technique
Educateur Spécialisé H/F Fondation de la maison du Diaconat,Fondation de la maison du Diaconat,Mulhouse - 68,CDI,il y a 20 heures,Mulhouse,68,CDI,Autre,Educateur Spécialisé H/F Fondation de la maison du Diaconat Fondation de la maison du Diaconat Mulhouse CDI Autre,educateur spécialisé   fondation de la maison du diaconat fondation de la maison du diaconat mulhouse autre,2,Autre
Actuaire Risques H/F Thélem assurances,Thélem assurances,Chécy - 45,CDI,il y a 20 heures,Chécy,45,CDI,Finance / Assurance,Actuaire Risques H/F Thélem assurances Thélem assurances Chécy CDI Finance / Assurance,actuaire risques   thélem assurances thélem assurances chécy finance / assurance,4,Finance / Assurance
Electricien·ne Tertiaire H/F Groupe Fauché,Groupe Fauché,Agen - 47,CDI,il y a 20 heures,Agen,47,CDI,Énergie / Technique,Electricien·ne Tertiaire H/F Groupe Fauché Groupe Fauché Agen CDI Énergie / Technique,electricien·ne tertiaire   groupe fauché groupe fauché agen énergie / technique,1,Énergie / Technique
Chef.Fe d'Équipe Électricité Tertiaire H/F Groupe Fauché,Groupe Fauché,Marmande - 47,CDI,il y a 20 heures,Marmande,47,CDI,Énergie / Technique,Chef.Fe d'Équipe Électricité Tertiaire H/F Groupe Fauché Groupe Fauché Marmande CDI Énergie / Technique,chef.fe d'équipe électricité tertiaire   groupe fauché groupe fauché marmande énergie / technique,1,Énergie / Technique
Référent des Prestataires de Service H/F Mondial Relay by InPost,Mondial Relay by InPost,Villeneuve-d'Ascq - 59,CDI,il y a 20 heures,Villeneuve-d'Ascq,59,CDI,Autre,Référent des Prestataires de Service H/F Mondial Relay by InPost Mondial Relay by InPost Villeneuve-d'Ascq CDI Autre,référent des prestataires de service   mondial relay by inpost mondial relay by inpost villeneuve-d'ascq autre,2,Autre
Responsable d'Atelier - le Havre H/F Loxam,Loxam,Le Havre - 76,CDI,il y a 20 heures,Le Havre,76,CDI,Management,Responsable d'Atelier - le Havre H/F Loxam Loxam Le Havre CDI Management,responsable d'atelier - le havre   loxam loxam le havre management,5,Management
Tuyauteur H/F Actemium - Cegelec Pau,Actemium - Cegelec Pau,Pardies - 64,CDI,il y a 20 heures,Pardies,64,CDI,Autre,Tuyauteur H/F Actemium - Cegelec Pau Actemium - Cegelec Pau Pardies CDI Autre,tuyauteur   actemium - cegelec pau actemium - cegelec pau pardies autre,2,Autre
Manager Equipe Commerciale H/F Maison Thiriet,Maison Thiriet,Appoigny - 89,CDI,il y a 20 heures,Appoigny,89,CDI,Commerce,Manager Equipe Commerciale H/F Maison Thiriet Maison Thiriet Appoigny CDI Commerce,manager equipe commerciale   maison thiriet maison thiriet appoigny commerce,0,Commerce
Animateur QHSE H/F Terrena,Terrena,Noyant-Villages - 49,CDI,il y a 20 heures,Noyant-Villages,49,CDI,Qualité / QHSE,Animateur QHSE H/F Terrena Terrena Noyant-Villages CDI Qualité / QHSE,animateur qhse   terrena terrena noyant-villages qualité / qhse,0,Commerce
Directeur de Magasin Super Idf H/F Auchan Retail France,Auchan Retail France,Sartrouville - 78,CDI,il y a 20 heures,Sartrouville,78,CDI,Commerce,Directeur de Magasin Super Idf H/F Auchan Retail France Auchan Retail France Sartrouville CDI Commerce,directeur de magasin super idf   auchan retail auchan retail sartrouville commerce,0,Commerce
Analyste Fonctionnel Si Comptable H/F Cogep,Cogep,Bourges - 18,CDI,il y a 20 heures,Bourges,18,CDI,Finance / Assurance,Analyste Fonctionnel Si Comptable H/F Cogep Cogep Bourges CDI Finance / Assurance,analyste fonctionnel si comptable   cogep cogep bourges finance / assurance,4,Finance / Assurance
Conseiller de Vente Alimentaire Stand Charcuterie - Fromage H/F Auchan Retail France,Auchan Retail France,Avignon - 84,CDI,il y a 20 heures,Avignon,84,CDI,Commerce,Conseiller de Vente Alimentaire Stand Charcuterie - Fromage H/F Auchan Retail France Auchan Retail France Avignon CDI Commerce,conseiller de vente alimentaire stand charcuterie - fromage   auchan retail auchan retail avignon commerce,0,Commerce
Responsable des Projets de Transformation One Safran Apqp & Aero Excellence H/F Safran,Safran,Malakoff - 92,CDI,il y a 20 heures,Malakoff,92,CDI,Management,Responsable des Projets de Transformation One Safran Apqp & Aero Excellence H/F Safran Safran Malakoff CDI Management,responsable des projets de transformation one safran apqp & aero excellence   safran safran malakoff management,5,Management
Actuaire Risques H/F Thélem assurances,Thélem assurances,Chécy - 45,CDI,il y a 20 heures,Chécy,45,CDI,Finance / Assurance,Actuaire Risques H/F Thélem assurances Thélem assurances Chécy CDI Finance / Assurance,actuaire risques   thélem assurances thélem assurances chécy finance / assurance,4,Finance / Assurance
Electricien·ne Tertiaire H/F Groupe Fauché,Groupe Fauché,Agen - 47,CDI,il y a 20 heures,Agen,47,CDI,Énergie / Technique,Electricien·ne Tertiaire H/F Groupe Fauché Groupe Fauché Agen CDI Énergie / Technique,electricien·ne tertiaire   groupe fauché groupe fauché agen énergie / technique,1,Énergie / Technique
Chef.Fe d'Équipe Électricité Tertiaire H/F Groupe Fauché,Groupe Fauché,Marmande - 47,CDI,il y a 20 heures,Marmande,47,CDI,Énergie / Technique,Chef.Fe d'Équipe Électricité Tertiaire H/F Groupe Fauché Groupe Fauché Marmande CDI Énergie / Technique,chef.fe d'équipe électricité tertiaire   groupe fauché groupe fauché marmande énergie / technique,1,Énergie / Technique
Référent des Prestataires de Service H/F Mondial Relay by InPost,Mondial Relay by InPost,Villeneuve-d'Ascq - 59,CDI,il y a 20 heures,Villeneuve-d'Ascq,59,CDI,Autre,Référent des Prestataires de Service H/F Mondial Relay by InPost Mondial Relay by InPost Villeneuve-d'Ascq CDI Autre,référent des prestataires de service   mondial relay by inpost mondial relay by inpost villeneuve-d'ascq autre,2,Autre
Responsable d'Atelier - le Havre H/F Loxam,Loxam,Le Havre - 76,CDI,il y a 20 heures,Le Havre,76,CDI,Management,Responsable d'Atelier - le Havre H/F Loxam Loxam Le Havre CDI Management,responsable d'atelier - le havre   loxam loxam le havre management,5,Management
Tuyauteur H/F Actemium - Cegelec Pau,Actemium - Cegelec Pau,Pardies - 64,CDI,il y a 20 heures,Pardies,64,CDI,Autre,Tuyauteur H/F Actemium - Cegelec Pau Actemium - Cegelec Pau Pardies CDI Autre,tuyauteur   actemium - cegelec pau actemium - cegelec pau pardies autre,2,Autre
Technicien de Chantiers Déshydratation H/F Veolia Agriculture France,Veolia Agriculture France,Nancy - 54,CDI,il y a 20 heures,Nancy,54,CDI,BTP,Technicien de Chantiers Déshydratation H/F Veolia Agriculture France Veolia Agriculture France Nancy CDI BTP,technicien de chantiers déshydratation   veolia agriculture veolia agriculture nancy btp,6,BTP
Ingénieur Génie Civil et Construction H/F Acxes,Acxes,Lyon - 69,CDI,il y a 20 heures,Lyon,69,CDI,Autre,Ingénieur Génie Civil et Construction H/F Acxes Acxes Lyon CDI Autre,ingénieur génie civil et construction   acxes acxes lyon autre,2,Autre
Assistant Ménager et de Prospection H/F Maison et Services,Maison et Services,Châlons-en-Champagne - 51,CDI,il y a 20 heures,Châlons-en-Champagne,51,CDI,Administration,Assistant Ménager et de Prospection H/F Maison et Services Maison et Services Châlons-en-Champagne CDI Administration,assistant ménager et de prospection   maison et services maison et services châlons-en-champagne administration,0,Commerce
Responsable Agence H/F Socotec,Socotec,Aix-en-Provence - 13,CDI,il y a 20 heures,Aix-en-Provence,13,CDI,Management,Responsable Agence H/F Socotec Socotec Aix-en-Provence CDI Management,responsable agence   socotec socotec aix-en-provence management,5,Management
Chef de Chantier Électricité Industrielle H/F Vinci Energies France Industrie Méditerranée,Vinci Energies France Industrie Méditerranée,Baillargues - 34,CDI,il y a 20 heures,Baillargues,34,CDI,BTP,Chef de Chantier Électricité Industrielle H/F Vinci Energies France Industrie Méditerranée Vinci Energies France Industrie Méditerranée Baillargues CDI BTP,chef de chantier électricité industrielle   vinci energies industrie méditerranée vinci energies industrie méditerranée baillargues btp,6,BTP
Dessinateur Charpente et Structure Bois H/F VCSP Batiment Nord Est et ANSC,VCSP Batiment Nord Est et ANSC,Saône-et-Loire - 71,CDI,il y a 20 heures,Saône-et-Loire,71,CDI,BTP,Dessinateur Charpente et Structure Bois H/F VCSP Batiment Nord Est et ANSC VCSP Batiment Nord Est et ANSC Saône-et-Loire CDI BTP,dessinateur charpente et structure bois   vcsp batiment nord est et ansc vcsp batiment nord est et ansc saône-et-loire btp,6,BTP
Opérateur Spécialisé en Transformation de Viandes H/F Sodebo,Sodebo,Montaigu-Vendée - 85,CDI,il y a 21 heures,Montaigu-Vendée,85,CDI,Autre,Opérateur Spécialisé en Transformation de Viandes H/F Sodebo Sodebo Montaigu-Vendée CDI Autre,opérateur spécialisé en transformation de viandes   sodebo sodebo montaigu-vendée autre,2,Autre
Manoeuvre TP H/F VINCI Energies Infrastructures Auvergne,VINCI Energies Infrastructures Auvergne,Clermont-Ferrand - 63,CDI,il y a 21 heures,Clermont-Ferrand,63,CDI,Énergie / Technique,Manoeuvre TP H/F VINCI Energies Infrastructures Auvergne VINCI Energies Infrastructures Auvergne Clermont-Ferrand CDI Énergie / Technique,manoeuvre tp   vinci energies infrastructures auvergne vinci energies infrastructures auvergne clermont-ferrand énergie / technique,1,Énergie / Technique
Chargé de Clientèle Bancaire Confirmé H/F Crédit Mutuel de Bretagne,Crédit Mutuel de Bretagne,Finistère - 29,CDI,il y a 21 heures,Finistère,29,CDI,Informatique,Chargé de Clientèle Bancaire Confirmé H/F Crédit Mutuel de Bretagne Crédit Mutuel de Bretagne Finistère CDI Informatique,chargé de clientèle bancaire confirmé   crédit mutuel de bretagne crédit mutuel de bretagne finistère informatique,3,Informatique
Chef.Fe d'Équipe Électricité Tertiaire H/F Groupe Fauché,Groupe Fauché,Agen - 47,CDI,il y a 21 heures,Agen,47,CDI,Énergie / Technique,Chef.Fe d'Équipe Électricité Tertiaire H/F Groupe Fauché Groupe Fauché Agen CDI Énergie / Technique,chef.fe d'équipe électricité tertiaire   groupe fauché groupe fauché agen énergie / technique,1,Énergie / Technique
Électricien Industriel et Tertiare Confirmé H/F SPIE Facilities,SPIE Facilities,Saint-Apollinaire - 21,CDI,il y a 21 heures,Saint-Apollinaire,21,CDI,Énergie / Technique,Électricien Industriel et Tertiare Confirmé H/F SPIE Facilities SPIE Facilities Saint-Apollinaire CDI Énergie / Technique,électricien industriel et tertiare confirmé   spie facilities spie facilities saint-apollinaire énergie / technique,1,Énergie / Technique
Chef.Fe de Chantier Électricité Tertiaire H/F Groupe Fauché,Groupe Fauché,Agen - 47,CDI,il y a 21 heures,Agen,47,CDI,BTP,Chef.Fe de Chantier Électricité Tertiaire H/F Groupe Fauché Groupe Fauché Agen CDI BTP,chef.fe de chantier électricité tertiaire   groupe fauché groupe fauché agen btp,6,BTP
Ingénieur - Technicien Atex H/F Bureau Veritas,Bureau Veritas,Fontenay-aux-Roses - 92,CDI,il y a 21 heures,Fontenay-aux-Roses,92,CDI,Énergie / Technique,Ingénieur - Technicien Atex H/F Bureau Veritas Bureau Veritas Fontenay-aux-Roses CDI Énergie / Technique,ingénieur - technicien atex   bureau veritas bureau veritas fontenay-aux-roses énergie / technique,1,Énergie / Technique
Spécialiste SEO - SEA H/F OASIS Projet,OASIS Projet,Saint-Étienne-du-Rouvray - 76,CDI,il y a 21 heures,Saint-Étienne-du-Rouvray,76,CDI,Autre,Spécialiste SEO - SEA H/F OASIS Projet OASIS Projet Saint-Étienne-du-Rouvray CDI Autre,spécialiste seo - sea   oasis projet oasis projet saint-étienne-du-rouvray autre,2,Autre
Projeteur en Électricité H/F Groupe Fauché,Groupe Fauché,Vitrolles - 13,CDI,il y a 21 heures,Vitrolles,13,CDI,Énergie / Technique,Projeteur en Électricité H/F Groupe Fauché Groupe Fauché Vitrolles CDI Énergie / Technique,projeteur en électricité   groupe fauché groupe fauché vitrolles énergie / technique,1,Énergie / Technique
Chef de Projet Amélioration Continue H/F Groupe ONET,Groupe ONET,Madrid - Espagne,CDI,il y a 21 heures,Madrid - Espagne,0,CDI,Management,Chef de Projet Amélioration Continue H/F Groupe ONET Groupe ONET Madrid - Espagne CDI Management,chef de projet amélioration continue   groupe onet groupe onet madrid - espagne management,5,Management
Analyste Programmeur COBOL - Nantes H/F Mosica,Mosica,Nantes - 44,CDI,il y a 21 heures,Nantes,44,CDI,Autre,Analyste Programmeur COBOL - Nantes H/F Mosica Mosica Nantes CDI Autre,analyste programmeur cobol - nantes   mosica mosica nantes autre,2,Autre
Chef de Département Dérivés Chlorés et Coproduits H/F Kem One,Kem One,Rhône - 69,CDI,il y a 20 heures,Rhône,69,CDI,Informatique,Chef de Département Dérivés Chlorés et Coproduits H/F Kem One Kem One Rhône CDI Informatique,chef de département dérivés chlorés et coproduits   kem one kem one rhône informatique,3,Informatique
