Titre,Entreprise,Ville,Contrat,Date
"Assistant Administratif H/F
AURA",AURA,Colomiers - 31,CDI,il y a 18 heures
,TGS France,Saint-Lô - 50,CDI,il y a 20 heures
"Responsable Logistique H/F
Picnic Technologies",Picnic Technologies,Moissy-Cramayel - 77,CDI,il y a 20 heures
"Cuisinier H/F
Vitalrest",Vitalrest,Castelnau-le-Lez - 34,CDI,il y a 20 heures
"Conducteur d'Engins en Scierie H/F
Groupe Barillet",Groupe Barillet,Vitry-aux-Loges - 45,CDI,il y a 20 heures
"Chargé d'Etudes Géotechniques H/F
Ramery",Ramery,Harnes - 62,CDI,il y a 20 heures
"Gestionnaire de Parc - Feyzin H/F
Kiloutou",Kiloutou,Feyzin - 69,CDI,il y a 20 heures
"Consultant Expérience Client & Solutions Saas H/F
Ingram Micro",Ingram Micro,Lesquin - 59,CDI,il y a 20 heures
"Chargé d'Études de Prix - Electricité H/F
Groupe Fauché",Groupe Fauché,Périgueux - 24,CDI,il y a 20 heures
"Conducteur PL de Nuit avec CACES 1-3-5 H/F
GT Solutions",GT Solutions,Pantin - 93,CDI,il y a 20 heures
"Assistant Ménager et de Prospection H/F
Maison et Services",Maison et Services,Châlons-en-Champagne - 51,CDI,il y a 20 heures
"Responsable Agence H/F
Socotec",Socotec,Aix-en-Provence - 13,CDI,il y a 20 heures
"Manager Equipe Commerciale H/F
Maison Thiriet",Maison Thiriet,Appoigny - 89,CDI,il y a 20 heures
"Animateur QHSE H/F
Terrena",Terrena,Noyant-Villages - 49,CDI,il y a 20 heures
"Directeur de Magasin Super Idf H/F
Auchan Retail France",Auchan Retail France,Sartrouville - 78,CDI,il y a 20 heures
"Analyste Fonctionnel Si Comptable H/F
Cogep",Cogep,Bourges - 18,CDI,il y a 20 heures
"Conseiller de Vente Alimentaire Stand Charcuterie - Fromage H/F
Auchan Retail France",Auchan Retail France,Avignon - 84,CDI,il y a 20 heures
"Responsable des Projets de Transformation One Safran Apqp & Aero Excellence H/F
Safran",Safran,Malakoff - 92,CDI,il y a 20 heures
"Actuaire Risques H/F
Thélem assurances",Thélem assurances,Chécy - 45,CDI,il y a 20 heures
"Electricien·ne Tertiaire H/F
Groupe Fauché",Groupe Fauché,Agen - 47,CDI,il y a 20 heures
"Chef.Fe d'Équipe Électricité Tertiaire H/F
Groupe Fauché",Groupe Fauché,Marmande - 47,CDI,il y a 20 heures
"Référent des Prestataires de Service H/F
Mondial Relay by InPost",Mondial Relay by InPost,Villeneuve-d'Ascq - 59,CDI,il y a 20 heures
"Responsable d'Atelier - le Havre H/F
Loxam",Loxam,Le Havre - 76,CDI,il y a 20 heures
"Tuyauteur H/F
Actemium - Cegelec Pau",Actemium - Cegelec Pau,Pardies - 64,CDI,il y a 20 heures
"Technicien de Chantiers Déshydratation H/F
Veolia Agriculture France",Veolia Agriculture France,Nancy - 54,CDI,il y a 20 heures
"Ingénieur Génie Civil et Construction H/F
Acxes",Acxes,Lyon - 69,CDI,il y a 20 heures
"Assistant Ménager et de Prospection H/F
Maison et Services",Maison et Services,Châlons-en-Champagne - 51,CDI,il y a 20 heures
"Responsable Agence H/F
Socotec",Socotec,Aix-en-Provence - 13,CDI,il y a 20 heures
"Chef de Chantier Électricité Industrielle H/F
Vinci Energies France Industrie Méditerranée",Vinci Energies France Industrie Méditerranée,Baillargues - 34,CDI,il y a 20 heures
"Dessinateur Charpente et Structure Bois H/F
VCSP Batiment Nord Est et ANSC",VCSP Batiment Nord Est et ANSC,Saône-et-Loire - 71,CDI,il y a 20 heures
"Opérateur Spécialisé en Transformation de Viandes H/F
Sodebo",Sodebo,Montaigu-Vendée - 85,CDI,il y a 20 heures
"Manoeuvre TP H/F
VINCI Energies Infrastructures Auvergne",VINCI Energies Infrastructures Auvergne,Clermont-Ferrand - 63,CDI,il y a 20 heures
"Chargé de Clientèle Bancaire Confirmé H/F
Crédit Mutuel de Bretagne",Crédit Mutuel de Bretagne,Finistère - 29,CDI,il y a 20 heures
"Chef.Fe d'Équipe Électricité Tertiaire H/F
Groupe Fauché",Groupe Fauché,Agen - 47,CDI,il y a 20 heures
"Électricien Industriel et Tertiare Confirmé H/F
SPIE Facilities",SPIE Facilities,Saint-Apollinaire - 21,CDI,il y a 20 heures
"Chef.Fe de Chantier Électricité Tertiaire H/F
Groupe Fauché",Groupe Fauché,Agen - 47,CDI,il y a 20 heures
"Ingénieur - Technicien Atex H/F
Bureau Veritas",Bureau Veritas,Fontenay-aux-Roses - 92,CDI,il y a 20 heures
"Spécialiste SEO - SEA H/F
OASIS Projet",OASIS Projet,Saint-Étienne-du-Rouvray - 76,CDI,il y a 20 heures
"Projeteur en Électricité H/F
Groupe Fauché",Groupe Fauché,Vitrolles - 13,CDI,il y a 20 heures
"Chef de Projet Amélioration Continue H/F
Groupe ONET",Groupe ONET,Madrid - Espagne,CDI,il y a 20 heures
"Analyste Programmeur COBOL - Nantes H/F
Mosica",Mosica,Nantes - 44,CDI,il y a 20 heures
"Chef de Département Dérivés Chlorés et Coproduits H/F
Kem One",Kem One,Rhône - 69,CDI,il y a 20 heures
"Opérateur Spécialisé - Cuisinier H/F
Sodebo",Sodebo,Montaigu-Vendée - 85,CDI,il y a 20 heures
"Technicien de Maintenance - Mécanicien H/F
Veolia Environnement",Veolia Environnement,Dombasle-sur-Meurthe - 54,CDI,il y a 20 heures
"Consultant Confirmé Système - Lyon H/F
CNS Communications",CNS Communications,Lyon 2e - 69,CDI,il y a 20 heures
"Ingénieur Automatisation & Netdevops - Lyon H/F
CNS Communications",CNS Communications,Lyon 2e - 69,CDI,il y a 20 heures
"Opérateur Spécialisé en Transformation de Viandes H/F
Sodebo",Sodebo,Montaigu-Vendée - 85,CDI,il y a 20 heures
"Manoeuvre TP H/F
VINCI Energies Infrastructures Auvergne",VINCI Energies Infrastructures Auvergne,Clermont-Ferrand - 63,CDI,il y a 20 heures
"Chargé de Clientèle Bancaire Confirmé H/F
Crédit Mutuel de Bretagne",Crédit Mutuel de Bretagne,Finistère - 29,CDI,il y a 20 heures
"Chef.Fe d'Équipe Électricité Tertiaire H/F
Groupe Fauché",Groupe Fauché,Agen - 47,CDI,il y a 20 heures
"Électricien Industriel et Tertiare Confirmé H/F
SPIE Facilities",SPIE Facilities,Saint-Apollinaire - 21,CDI,il y a 20 heures
"Chef.Fe de Chantier Électricité Tertiaire H/F
Groupe Fauché",Groupe Fauché,Agen - 47,CDI,il y a 20 heures
"Ingénieur - Technicien Atex H/F
Bureau Veritas",Bureau Veritas,Fontenay-aux-Roses - 92,CDI,il y a 20 heures
"Spécialiste SEO - SEA H/F
OASIS Projet",OASIS Projet,Saint-Étienne-du-Rouvray - 76,CDI,il y a 20 heures
"Projeteur en Électricité H/F
Groupe Fauché",Groupe Fauché,Vitrolles - 13,CDI,il y a 20 heures
"Chef de Projet Amélioration Continue H/F
Groupe ONET",Groupe ONET,Madrid - Espagne,CDI,il y a 20 heures
"Analyste Programmeur COBOL - Nantes H/F
Mosica",Mosica,Nantes - 44,CDI,il y a 20 heures
"Expert Trade & Cycle d'Exploitation H/F
Arkea Banque Entreprises et Institutionnels",Arkea Banque Entreprises et Institutionnels,Rennes - 35,CDI,il y a 20 heures
"Directeur Technique H/F
Fives Groupe",Fives Groupe,Héricourt - 70,CDI,il y a 20 heures
"Ecologue Faunes H/F
ECR Environnement",ECR Environnement,Villebon-sur-Yvette - 91,CDI,il y a 20 heures
"SAP S - 4 Hana Technical Consultant Basis Cpi - EDI Interfaces H/F
Hozelock Exel",Hozelock Exel,Arnas - 69,CDI,il y a 20 heures
"Directeur de Marché - Région - Nord E1 H/F
Kone",Kone,Reims - 51,CDI,il y a 20 heures
"Ingénieur Génie Civil H/F
Orano",Orano,La Hague - 50,CDI,il y a 20 heures
"Service Team Leader Doors H/F
Kone",Kone,Belgique,CDI,il y a 20 heures
"Technicien SSI H/F
Eryma Sas",Eryma Sas,Couëron - 44,CDI,il y a 20 heures
"Educateur Spécialisé H/F
Fondation de la maison du Diaconat",Fondation de la maison du Diaconat,Mulhouse - 68,CDI,il y a 20 heures
"Actuaire Risques H/F
Thélem assurances",Thélem assurances,Chécy - 45,CDI,il y a 20 heures
"Electricien·ne Tertiaire H/F
Groupe Fauché",Groupe Fauché,Agen - 47,CDI,il y a 20 heures
"Chef.Fe d'Équipe Électricité Tertiaire H/F
Groupe Fauché",Groupe Fauché,Marmande - 47,CDI,il y a 20 heures
"Référent des Prestataires de Service H/F
Mondial Relay by InPost",Mondial Relay by InPost,Villeneuve-d'Ascq - 59,CDI,il y a 20 heures
"Responsable d'Atelier - le Havre H/F
Loxam",Loxam,Le Havre - 76,CDI,il y a 20 heures
"Tuyauteur H/F
Actemium - Cegelec Pau",Actemium - Cegelec Pau,Pardies - 64,CDI,il y a 20 heures
"Manager Equipe Commerciale H/F
Maison Thiriet",Maison Thiriet,Appoigny - 89,CDI,il y a 20 heures
"Animateur QHSE H/F
Terrena",Terrena,Noyant-Villages - 49,CDI,il y a 20 heures
"Directeur de Magasin Super Idf H/F
Auchan Retail France",Auchan Retail France,Sartrouville - 78,CDI,il y a 20 heures
"Analyste Fonctionnel Si Comptable H/F
Cogep",Cogep,Bourges - 18,CDI,il y a 20 heures
"Conseiller de Vente Alimentaire Stand Charcuterie - Fromage H/F
Auchan Retail France",Auchan Retail France,Avignon - 84,CDI,il y a 20 heures
"Responsable des Projets de Transformation One Safran Apqp & Aero Excellence H/F
Safran",Safran,Malakoff - 92,CDI,il y a 20 heures
"Actuaire Risques H/F
Thélem assurances",Thélem assurances,Chécy - 45,CDI,il y a 20 heures
"Electricien·ne Tertiaire H/F
Groupe Fauché",Groupe Fauché,Agen - 47,CDI,il y a 20 heures
"Chef.Fe d'Équipe Électricité Tertiaire H/F
Groupe Fauché",Groupe Fauché,Marmande - 47,CDI,il y a 20 heures
"Référent des Prestataires de Service H/F
Mondial Relay by InPost",Mondial Relay by InPost,Villeneuve-d'Ascq - 59,CDI,il y a 20 heures
"Responsable d'Atelier - le Havre H/F
Loxam",Loxam,Le Havre - 76,CDI,il y a 20 heures
"Tuyauteur H/F
Actemium - Cegelec Pau",Actemium - Cegelec Pau,Pardies - 64,CDI,il y a 20 heures
"Technicien de Chantiers Déshydratation H/F
Veolia Agriculture France",Veolia Agriculture France,Nancy - 54,CDI,il y a 20 heures
"Ingénieur Génie Civil et Construction H/F
Acxes",Acxes,Lyon - 69,CDI,il y a 20 heures
"Assistant Ménager et de Prospection H/F
Maison et Services",Maison et Services,Châlons-en-Champagne - 51,CDI,il y a 20 heures
"Responsable Agence H/F
Socotec",Socotec,Aix-en-Provence - 13,CDI,il y a 20 heures
"Chef de Chantier Électricité Industrielle H/F
Vinci Energies France Industrie Méditerranée",Vinci Energies France Industrie Méditerranée,Baillargues - 34,CDI,il y a 20 heures
"Dessinateur Charpente et Structure Bois H/F
VCSP Batiment Nord Est et ANSC",VCSP Batiment Nord Est et ANSC,Saône-et-Loire - 71,CDI,il y a 20 heures
"Opérateur Spécialisé en Transformation de Viandes H/F
Sodebo",Sodebo,Montaigu-Vendée - 85,CDI,il y a 20 heures
"Manoeuvre TP H/F
VINCI Energies Infrastructures Auvergne",VINCI Energies Infrastructures Auvergne,Clermont-Ferrand - 63,CDI,il y a 20 heures
"Chargé de Clientèle Bancaire Confirmé H/F
Crédit Mutuel de Bretagne",Crédit Mutuel de Bretagne,Finistère - 29,CDI,il y a 20 heures
"Chef.Fe d'Équipe Électricité Tertiaire H/F
Groupe Fauché",Groupe Fauché,Agen - 47,CDI,il y a 20 heures
"Électricien Industriel et Tertiare Confirmé H/F
SPIE Facilities",SPIE Facilities,Saint-Apollinaire - 21,CDI,il y a 20 heures
"Chef.Fe de Chantier Électricité Tertiaire H/F
Groupe Fauché",Groupe Fauché,Agen - 47,CDI,il y a 20 heures
"Ingénieur - Technicien Atex H/F
Bureau Veritas",Bureau Veritas,Fontenay-aux-Roses - 92,CDI,il y a 20 heures
"Spécialiste SEO - SEA H/F
OASIS Projet",OASIS Projet,Saint-Étienne-du-Rouvray - 76,CDI,il y a 20 heures
"Projeteur en Électricité H/F
Groupe Fauché",Groupe Fauché,Vitrolles - 13,CDI,il y a 20 heures
"Chef de Projet Amélioration Continue H/F
Groupe ONET",Groupe ONET,Madrid - Espagne,CDI,il y a 20 heures
"Analyste Programmeur COBOL - Nantes H/F
Mosica",Mosica,Nantes - 44,CDI,il y a 20 heures
"Chef de Département Dérivés Chlorés et Coproduits H/F
Kem One",Kem One,Rhône - 69,CDI,il y a 20 heures
"Manager Equipe Commerciale H/F
Maison Thiriet",Maison Thiriet,Appoigny - 89,CDI,il y a 20 heures
"Animateur QHSE H/F
Terrena",Terrena,Noyant-Villages - 49,CDI,il y a 20 heures
"Directeur de Magasin Super Idf H/F
Auchan Retail France",Auchan Retail France,Sartrouville - 78,CDI,il y a 20 heures
"Analyste Fonctionnel Si Comptable H/F
Cogep",Cogep,Bourges - 18,CDI,il y a 20 heures
"Conseiller de Vente Alimentaire Stand Charcuterie - Fromage H/F
Auchan Retail France",Auchan Retail France,Avignon - 84,CDI,il y a 20 heures
"Responsable des Projets de Transformation One Safran Apqp & Aero Excellence H/F
Safran",Safran,Malakoff - 92,CDI,il y a 20 heures
"Actuaire Risques H/F
Thélem assurances",Thélem assurances,Chécy - 45,CDI,il y a 20 heures
"Electricien·ne Tertiaire H/F
Groupe Fauché",Groupe Fauché,Agen - 47,CDI,il y a 20 heures
"Chef.Fe d'Équipe Électricité Tertiaire H/F
Groupe Fauché",Groupe Fauché,Marmande - 47,CDI,il y a 20 heures
"Référent des Prestataires de Service H/F
Mondial Relay by InPost",Mondial Relay by InPost,Villeneuve-d'Ascq - 59,CDI,il y a 20 heures
"Responsable d'Atelier - le Havre H/F
Loxam",Loxam,Le Havre - 76,CDI,il y a 20 heures
"Tuyauteur H/F
Actemium - Cegelec Pau",Actemium - Cegelec Pau,Pardies - 64,CDI,il y a 20 heures
"Technicien de Chantiers Déshydratation H/F
Veolia Agriculture France",Veolia Agriculture France,Nancy - 54,CDI,il y a 20 heures
"Ingénieur Génie Civil et Construction H/F
Acxes",Acxes,Lyon - 69,CDI,il y a 20 heures
"Assistant Ménager et de Prospection H/F
Maison et Services",Maison et Services,Châlons-en-Champagne - 51,CDI,il y a 20 heures
"Responsable Agence H/F
Socotec",Socotec,Aix-en-Provence - 13,CDI,il y a 20 heures
"Chef de Chantier Électricité Industrielle H/F
Vinci Energies France Industrie Méditerranée",Vinci Energies France Industrie Méditerranée,Baillargues - 34,CDI,il y a 20 heures
"Dessinateur Charpente et Structure Bois H/F
VCSP Batiment Nord Est et ANSC",VCSP Batiment Nord Est et ANSC,Saône-et-Loire - 71,CDI,il y a 20 heures
"Opérateur Spécialisé en Transformation de Viandes H/F
Sodebo",Sodebo,Montaigu-Vendée - 85,CDI,il y a 20 heures
"Manoeuvre TP H/F
VINCI Energies Infrastructures Auvergne",VINCI Energies Infrastructures Auvergne,Clermont-Ferrand - 63,CDI,il y a 20 heures
"Chargé de Clientèle Bancaire Confirmé H/F
Crédit Mutuel de Bretagne",Crédit Mutuel de Bretagne,Finistère - 29,CDI,il y a 20 heures
"Chef.Fe d'Équipe Électricité Tertiaire H/F
Groupe Fauché",Groupe Fauché,Agen - 47,CDI,il y a 20 heures
"Électricien Industriel et Tertiare Confirmé H/F
SPIE Facilities",SPIE Facilities,Saint-Apollinaire - 21,CDI,il y a 20 heures
"Chef.Fe de Chantier Électricité Tertiaire H/F
Groupe Fauché",Groupe Fauché,Agen - 47,CDI,il y a 20 heures
"Ingénieur - Technicien Atex H/F
Bureau Veritas",Bureau Veritas,Fontenay-aux-Roses - 92,CDI,il y a 20 heures
"Spécialiste SEO - SEA H/F
OASIS Projet",OASIS Projet,Saint-Étienne-du-Rouvray - 76,CDI,il y a 20 heures
"Projeteur en Électricité H/F
Groupe Fauché",Groupe Fauché,Vitrolles - 13,CDI,il y a 20 heures
"Chef de Projet Amélioration Continue H/F
Groupe ONET",Groupe ONET,Madrid - Espagne,CDI,il y a 20 heures
"Analyste Programmeur COBOL - Nantes H/F
Mosica",Mosica,Nantes - 44,CDI,il y a 20 heures
"Chef de Département Dérivés Chlorés et Coproduits H/F
Kem One",Kem One,Rhône - 69,CDI,il y a 20 heures
"Manager Equipe Commerciale H/F
Maison Thiriet",Maison Thiriet,Appoigny - 89,CDI,il y a 20 heures
"Animateur QHSE H/F
Terrena",Terrena,Noyant-Villages - 49,CDI,il y a 20 heures
"Directeur de Magasin Super Idf H/F
Auchan Retail France",Auchan Retail France,Sartrouville - 78,CDI,il y a 20 heures
"Analyste Fonctionnel Si Comptable H/F
Cogep",Cogep,Bourges - 18,CDI,il y a 20 heures
"Conseiller de Vente Alimentaire Stand Charcuterie - Fromage H/F
Auchan Retail France",Auchan Retail France,Avignon - 84,CDI,il y a 20 heures
"Responsable des Projets de Transformation One Safran Apqp & Aero Excellence H/F
Safran",Safran,Malakoff - 92,CDI,il y a 20 heures
"Actuaire Risques H/F
Thélem assurances",Thélem assurances,Chécy - 45,CDI,il y a 20 heures
"Electricien·ne Tertiaire H/F
Groupe Fauché",Groupe Fauché,Agen - 47,CDI,il y a 20 heures
"Chef.Fe d'Équipe Électricité Tertiaire H/F
Groupe Fauché",Groupe Fauché,Marmande - 47,CDI,il y a 20 heures
"Référent des Prestataires de Service H/F
Mondial Relay by InPost",Mondial Relay by InPost,Villeneuve-d'Ascq - 59,CDI,il y a 20 heures
"Responsable d'Atelier - le Havre H/F
Loxam",Loxam,Le Havre - 76,CDI,il y a 20 heures
"Tuyauteur H/F
Actemium - Cegelec Pau",Actemium - Cegelec Pau,Pardies - 64,CDI,il y a 20 heures
"Technicien de Chantiers Déshydratation H/F
Veolia Agriculture France",Veolia Agriculture France,Nancy - 54,CDI,il y a 20 heures
"Ingénieur Génie Civil et Construction H/F
Acxes",Acxes,Lyon - 69,CDI,il y a 20 heures
"Assistant Ménager et de Prospection H/F
Maison et Services",Maison et Services,Châlons-en-Champagne - 51,CDI,il y a 20 heures
"Responsable Agence H/F
Socotec",Socotec,Aix-en-Provence - 13,CDI,il y a 20 heures
"Chef de Chantier Électricité Industrielle H/F
Vinci Energies France Industrie Méditerranée",Vinci Energies France Industrie Méditerranée,Baillargues - 34,CDI,il y a 20 heures
"Dessinateur Charpente et Structure Bois H/F
VCSP Batiment Nord Est et ANSC",VCSP Batiment Nord Est et ANSC,Saône-et-Loire - 71,CDI,il y a 20 heures
"Opérateur Spécialisé en Transformation de Viandes H/F
Sodebo",Sodebo,Montaigu-Vendée - 85,CDI,il y a 21 heures
"Manoeuvre TP H/F
VINCI Energies Infrastructures Auvergne",VINCI Energies Infrastructures Auvergne,Clermont-Ferrand - 63,CDI,il y a 21 heures
"Chargé de Clientèle Bancaire Confirmé H/F
Crédit Mutuel de Bretagne",Crédit Mutuel de Bretagne,Finistère - 29,CDI,il y a 21 heures
"Chef.Fe d'Équipe Électricité Tertiaire H/F
Groupe Fauché",Groupe Fauché,Agen - 47,CDI,il y a 20 heures
"Électricien Industriel et Tertiare Confirmé H/F
SPIE Facilities",SPIE Facilities,Saint-Apollinaire - 21,CDI,il y a 20 heures
"Chef.Fe de Chantier Électricité Tertiaire H/F
Groupe Fauché",Groupe Fauché,Agen - 47,CDI,il y a 20 heures
"Ingénieur - Technicien Atex H/F
Bureau Veritas",Bureau Veritas,Fontenay-aux-Roses - 92,CDI,il y a 20 heures
"Spécialiste SEO - SEA H/F
OASIS Projet",OASIS Projet,Saint-Étienne-du-Rouvray - 76,CDI,il y a 20 heures
"Projeteur en Électricité H/F
Groupe Fauché",Groupe Fauché,Vitrolles - 13,CDI,il y a 20 heures
"Chef de Projet Amélioration Continue H/F
Groupe ONET",Groupe ONET,Madrid - Espagne,CDI,il y a 20 heures
"Analyste Programmeur COBOL - Nantes H/F
Mosica",Mosica,Nantes - 44,CDI,il y a 20 heures
"Chef de Département Dérivés Chlorés et Coproduits H/F
Kem One",Kem One,Rhône - 69,CDI,il y a 20 heures
"Assistant Administratif H/F
AURA",AURA,Colomiers - 31,CDI,il y a 18 heures
"Responsable Bureau d'Études CFO - CFA H/F
VINCI Energies France Infras Sud Ouest Antilles Guyane",VINCI Energies France Infras Sud Ouest Antilles Guyane,Le Lamentin - 972,CDI,il y a 20 heures
"Technicien Télécom Radio H/F
VINCI Energies France Infras Sud Ouest Antilles Guyane",VINCI Energies France Infras Sud Ouest Antilles Guyane,Le Lamentin - 972,CDI,il y a 20 heures
"Adjoint Responsable Qualité Mayenne 53 H/F
Lactalis",Lactalis,Mayenne - 53,CDI,il y a 19 heures
"Hospitality Manager H/F
Armonia Hospitality",Armonia Hospitality,Paris - 75,CDI,il y a 19 heures
"Hôte - Hôtesse d'Accueil Standardiste H/F
Phone Régie",Phone Régie,Strasbourg - 67,CDI,il y a 19 heures
"Magasinier Polyvalent H/F
Parts Holding Europe",Parts Holding Europe,Meaux - 77,CDI,il y a 19 heures
"Mécanicien Automobile H/F
Volkswagen",Volkswagen,Mâcon - 71,CDI,il y a 19 heures
"Intitulé de Poste H/F
AIS",AIS,Saint-Herblain - 44,CDI,il y a 19 heures
"Coordinateur H/F
La Société Les Jardins d'Arcadie",La Société Les Jardins d'Arcadie,Le Bois-Plage-en-Ré - 17,CDI,il y a 19 heures
"Cuisinier H/F
Api Restauration",Api Restauration,Châteaulin - 29,CDI,il y a 19 heures
"Assistant·e.S Techniques et Relations Locataires H/F
Archipel Habitat",Archipel Habitat,Rennes - 35,CDI,il y a 19 heures
"Agent de Propreté H/F
ABER Propreté",ABER Propreté,La Chapelle-sur-Erdre - 44,CDI,il y a 19 heures
"Jardinier Paysagiste Création H/F
Daniel Moquet signe vos jardins",Daniel Moquet signe vos jardins,Bayonne - 64,CDI,il y a 19 heures
"Agent de Propreté H/F
ABER Propreté",ABER Propreté,Blain - 44,CDI,il y a 19 heures
"Mécanicien - Mécanicienne Automobile H/F
Norauto",Norauto,Saint-Parres-aux-Tertres - 10,CDI,il y a 20 heures
"Ingénieur Sécurité des Procédés H/F
Hexcel",Hexcel,Le Péage-de-Roussillon - 38,CDI,il y a 20 heures
"Mécanicien - Mécanicienne Automobile H/F
Norauto",Norauto,Chantepie - 35,CDI,il y a 20 heures
"Technicien de Maintenance Itinérant H/F
SDEZ",SDEZ,France,CDI,il y a 20 heures
"Chargé de Développement Commercial H/F
TGS France",TGS France,Saint-Lô - 50,CDI,il y a 20 heures
"Responsable Logistique H/F
Picnic Technologies",Picnic Technologies,Moissy-Cramayel - 77,CDI,il y a 20 heures
"Cuisinier H/F
Vitalrest",Vitalrest,Castelnau-le-Lez - 34,CDI,il y a 20 heures
"Conducteur d'Engins en Scierie H/F
Groupe Barillet",Groupe Barillet,Vitry-aux-Loges - 45,CDI,il y a 20 heures
"Chargé d'Etudes Géotechniques H/F
Ramery",Ramery,Harnes - 62,CDI,il y a 20 heures
"Gestionnaire de Parc - Feyzin H/F
Kiloutou",Kiloutou,Feyzin - 69,CDI,il y a 20 heures
"Consultant Expérience Client & Solutions Saas H/F
Ingram Micro",Ingram Micro,Lesquin - 59,CDI,il y a 20 heures
"Chargé d'Études de Prix - Electricité H/F
Groupe Fauché",Groupe Fauché,Périgueux - 24,CDI,il y a 20 heures
"Conducteur PL de Nuit avec CACES 1-3-5 H/F
GT Solutions",GT Solutions,Pantin - 93,CDI,il y a 20 heures
"Assistant Ménager et de Prospection H/F
Maison et Services",Maison et Services,Châlons-en-Champagne - 51,CDI,il y a 20 heures
"Responsable Agence H/F
Socotec",Socotec,Aix-en-Provence - 13,CDI,il y a 20 heures
"Opérateur Spécialisé - Cuisinier H/F
Sodebo",Sodebo,Montaigu-Vendée - 85,CDI,il y a 21 heures
"Technicien de Maintenance - Mécanicien H/F
Veolia Environnement",Veolia Environnement,Dombasle-sur-Meurthe - 54,CDI,il y a 21 heures
"Consultant Confirmé Système - Lyon H/F
CNS Communications",CNS Communications,Lyon 2e - 69,CDI,il y a 21 heures
"Ingénieur Automatisation & Netdevops - Lyon H/F
CNS Communications",CNS Communications,Lyon 2e - 69,CDI,il y a 21 heures
"Opérateur Spécialisé en Transformation de Viandes H/F
Sodebo",Sodebo,Montaigu-Vendée - 85,CDI,il y a 21 heures
"Manoeuvre TP H/F
VINCI Energies Infrastructures Auvergne",VINCI Energies Infrastructures Auvergne,Clermont-Ferrand - 63,CDI,il y a 21 heures
"Chargé de Clientèle Bancaire Confirmé H/F
Crédit Mutuel de Bretagne",Crédit Mutuel de Bretagne,Finistère - 29,CDI,il y a 21 heures
"Chef.Fe d'Équipe Électricité Tertiaire H/F
Groupe Fauché",Groupe Fauché,Agen - 47,CDI,il y a 21 heures
"Électricien Industriel et Tertiare Confirmé H/F
SPIE Facilities",SPIE Facilities,Saint-Apollinaire - 21,CDI,il y a 21 heures
"Chef.Fe de Chantier Électricité Tertiaire H/F
Groupe Fauché",Groupe Fauché,Agen - 47,CDI,il y a 21 heures
"Ingénieur - Technicien Atex H/F
Bureau Veritas",Bureau Veritas,Fontenay-aux-Roses - 92,CDI,il y a 21 heures
"Spécialiste SEO - SEA H/F
OASIS Projet",OASIS Projet,Saint-Étienne-du-Rouvray - 76,CDI,il y a 21 heures
"Projeteur en Électricité H/F
Groupe Fauché",Groupe Fauché,Vitrolles - 13,CDI,il y a 21 heures
"Chef de Projet Amélioration Continue H/F
Groupe ONET",Groupe ONET,Madrid - Espagne,CDI,il y a 21 heures
"Analyste Programmeur COBOL - Nantes H/F
Mosica",Mosica,Nantes - 44,CDI,il y a 21 heures
"Expert Trade & Cycle d'Exploitation H/F
Arkea Banque Entreprises et Institutionnels",Arkea Banque Entreprises et Institutionnels,Rennes - 35,CDI,il y a 21 heures
"Directeur Technique H/F
Fives Groupe",Fives Groupe,Héricourt - 70,CDI,il y a 21 heures
"Ecologue Faunes H/F
ECR Environnement",ECR Environnement,Villebon-sur-Yvette - 91,CDI,il y a 21 heures
"SAP S - 4 Hana Technical Consultant Basis Cpi - EDI Interfaces H/F
Hozelock Exel",Hozelock Exel,Arnas - 69,CDI,il y a 21 heures
"Directeur de Marché - Région - Nord E1 H/F
Kone",Kone,Reims - 51,CDI,il y a 21 heures
"Ingénieur Génie Civil H/F
Orano",Orano,La Hague - 50,CDI,il y a 20 heures
"Service Team Leader Doors H/F
Kone",Kone,Belgique,CDI,il y a 20 heures
"Technicien SSI H/F
Eryma Sas",Eryma Sas,Couëron - 44,CDI,il y a 20 heures
"Educateur Spécialisé H/F
Fondation de la maison du Diaconat",Fondation de la maison du Diaconat,Mulhouse - 68,CDI,il y a 20 heures
"Actuaire Risques H/F
Thélem assurances",Thélem assurances,Chécy - 45,CDI,il y a 20 heures
"Electricien·ne Tertiaire H/F
Groupe Fauché",Groupe Fauché,Agen - 47,CDI,il y a 20 heures
"Chef.Fe d'Équipe Électricité Tertiaire H/F
Groupe Fauché",Groupe Fauché,Marmande - 47,CDI,il y a 20 heures
"Référent des Prestataires de Service H/F
Mondial Relay by InPost",Mondial Relay by InPost,Villeneuve-d'Ascq - 59,CDI,il y a 20 heures
"Responsable d'Atelier - le Havre H/F
Loxam",Loxam,Le Havre - 76,CDI,il y a 20 heures
"Tuyauteur H/F
Actemium - Cegelec Pau",Actemium - Cegelec Pau,Pardies - 64,CDI,il y a 20 heures
"Opérateur Spécialisé - Cuisinier H/F
Sodebo",Sodebo,Montaigu-Vendée - 85,CDI,il y a 21 heures
"Technicien de Maintenance - Mécanicien H/F
Veolia Environnement",Veolia Environnement,Dombasle-sur-Meurthe - 54,CDI,il y a 21 heures
"Consultant Confirmé Système - Lyon H/F
CNS Communications",CNS Communications,Lyon 2e - 69,CDI,il y a 21 heures
"Ingénieur Automatisation & Netdevops - Lyon H/F
CNS Communications",CNS Communications,Lyon 2e - 69,CDI,il y a 21 heures
"Opérateur Spécialisé en Transformation de Viandes H/F
Sodebo",Sodebo,Montaigu-Vendée - 85,CDI,il y a 21 heures
"Manoeuvre TP H/F
VINCI Energies Infrastructures Auvergne",VINCI Energies Infrastructures Auvergne,Clermont-Ferrand - 63,CDI,il y a 21 heures
"Chargé de Clientèle Bancaire Confirmé H/F
Crédit Mutuel de Bretagne",Crédit Mutuel de Bretagne,Finistère - 29,CDI,il y a 21 heures
"Chef.Fe d'Équipe Électricité Tertiaire H/F
Groupe Fauché",Groupe Fauché,Agen - 47,CDI,il y a 21 heures
"Électricien Industriel et Tertiare Confirmé H/F
SPIE Facilities",SPIE Facilities,Saint-Apollinaire - 21,CDI,il y a 21 heures
"Chef.Fe de Chantier Électricité Tertiaire H/F
Groupe Fauché",Groupe Fauché,Agen - 47,CDI,il y a 21 heures
"Ingénieur - Technicien Atex H/F
Bureau Veritas",Bureau Veritas,Fontenay-aux-Roses - 92,CDI,il y a 21 heures
"Spécialiste SEO - SEA H/F
OASIS Projet",OASIS Projet,Saint-Étienne-du-Rouvray - 76,CDI,il y a 21 heures
"Projeteur en Électricité H/F
Groupe Fauché",Groupe Fauché,Vitrolles - 13,CDI,il y a 21 heures
"Chef de Projet Amélioration Continue H/F
Groupe ONET",Groupe ONET,Madrid - Espagne,CDI,il y a 21 heures
"Analyste Programmeur COBOL - Nantes H/F
Mosica",Mosica,Nantes - 44,CDI,il y a 21 heures
"Expert Trade & Cycle d'Exploitation H/F
Arkea Banque Entreprises et Institutionnels",Arkea Banque Entreprises et Institutionnels,Rennes - 35,CDI,il y a 21 heures
"Directeur Technique H/F
Fives Groupe",Fives Groupe,Héricourt - 70,CDI,il y a 21 heures
"Ecologue Faunes H/F
ECR Environnement",ECR Environnement,Villebon-sur-Yvette - 91,CDI,il y a 21 heures
"SAP S - 4 Hana Technical Consultant Basis Cpi - EDI Interfaces H/F
Hozelock Exel",Hozelock Exel,Arnas - 69,CDI,il y a 21 heures
"Directeur de Marché - Région - Nord E1 H/F
Kone",Kone,Reims - 51,CDI,il y a 21 heures
"Ingénieur Génie Civil H/F
Orano",Orano,La Hague - 50,CDI,il y a 20 heures
"Service Team Leader Doors H/F
Kone",Kone,Belgique,CDI,il y a 20 heures
"Technicien SSI H/F
Eryma Sas",Eryma Sas,Couëron - 44,CDI,il y a 20 heures
"Educateur Spécialisé H/F
Fondation de la maison du Diaconat",Fondation de la maison du Diaconat,Mulhouse - 68,CDI,il y a 20 heures
"Actuaire Risques H/F
Thélem assurances",Thélem assurances,Chécy - 45,CDI,il y a 20 heures
"Electricien·ne Tertiaire H/F
Groupe Fauché",Groupe Fauché,Agen - 47,CDI,il y a 20 heures
"Chef.Fe d'Équipe Électricité Tertiaire H/F
Groupe Fauché",Groupe Fauché,Marmande - 47,CDI,il y a 20 heures
"Référent des Prestataires de Service H/F
Mondial Relay by InPost",Mondial Relay by InPost,Villeneuve-d'Ascq - 59,CDI,il y a 20 heures
"Responsable d'Atelier - le Havre H/F
Loxam",Loxam,Le Havre - 76,CDI,il y a 20 heures
"Tuyauteur H/F
Actemium - Cegelec Pau",Actemium - Cegelec Pau,Pardies - 64,CDI,il y a 20 heures
"Manager Equipe Commerciale H/F
Maison Thiriet",Maison Thiriet,Appoigny - 89,CDI,il y a 20 heures
"Animateur QHSE H/F
Terrena",Terrena,Noyant-Villages - 49,CDI,il y a 20 heures
"Directeur de Magasin Super Idf H/F
Auchan Retail France",Auchan Retail France,Sartrouville - 78,CDI,il y a 20 heures
"Analyste Fonctionnel Si Comptable H/F
Cogep",Cogep,Bourges - 18,CDI,il y a 20 heures
"Conseiller de Vente Alimentaire Stand Charcuterie - Fromage H/F
Auchan Retail France",Auchan Retail France,Avignon - 84,CDI,il y a 20 heures
"Responsable des Projets de Transformation One Safran Apqp & Aero Excellence H/F
Safran",Safran,Malakoff - 92,CDI,il y a 20 heures
"Actuaire Risques H/F
Thélem assurances",Thélem assurances,Chécy - 45,CDI,il y a 20 heures
"Electricien·ne Tertiaire H/F
Groupe Fauché",Groupe Fauché,Agen - 47,CDI,il y a 20 heures
"Chef.Fe d'Équipe Électricité Tertiaire H/F
Groupe Fauché",Groupe Fauché,Marmande - 47,CDI,il y a 20 heures
"Référent des Prestataires de Service H/F
Mondial Relay by InPost",Mondial Relay by InPost,Villeneuve-d'Ascq - 59,CDI,il y a 20 heures
"Responsable d'Atelier - le Havre H/F
Loxam",Loxam,Le Havre - 76,CDI,il y a 20 heures
"Tuyauteur H/F
Actemium - Cegelec Pau",Actemium - Cegelec Pau,Pardies - 64,CDI,il y a 20 heures
"Technicien de Chantiers Déshydratation H/F
Veolia Agriculture France",Veolia Agriculture France,Nancy - 54,CDI,il y a 20 heures
"Ingénieur Génie Civil et Construction H/F
Acxes",Acxes,Lyon - 69,CDI,il y a 20 heures
"Assistant Ménager et de Prospection H/F
Maison et Services",Maison et Services,Châlons-en-Champagne - 51,CDI,il y a 20 heures
"Responsable Agence H/F
Socotec",Socotec,Aix-en-Provence - 13,CDI,il y a 20 heures
"Chef de Chantier Électricité Industrielle H/F
Vinci Energies France Industrie Méditerranée",Vinci Energies France Industrie Méditerranée,Baillargues - 34,CDI,il y a 20 heures
"Dessinateur Charpente et Structure Bois H/F
VCSP Batiment Nord Est et ANSC",VCSP Batiment Nord Est et ANSC,Saône-et-Loire - 71,CDI,il y a 20 heures
"Opérateur Spécialisé en Transformation de Viandes H/F
Sodebo",Sodebo,Montaigu-Vendée - 85,CDI,il y a 21 heures
"Manoeuvre TP H/F
VINCI Energies Infrastructures Auvergne",VINCI Energies Infrastructures Auvergne,Clermont-Ferrand - 63,CDI,il y a 21 heures
"Chargé de Clientèle Bancaire Confirmé H/F
Crédit Mutuel de Bretagne",Crédit Mutuel de Bretagne,Finistère - 29,CDI,il y a 21 heures
"Chef.Fe d'Équipe Électricité Tertiaire H/F
Groupe Fauché",Groupe Fauché,Agen - 47,CDI,il y a 21 heures
"Électricien Industriel et Tertiare Confirmé H/F
SPIE Facilities",SPIE Facilities,Saint-Apollinaire - 21,CDI,il y a 21 heures
"Chef.Fe de Chantier Électricité Tertiaire H/F
Groupe Fauché",Groupe Fauché,Agen - 47,CDI,il y a 21 heures
"Ingénieur - Technicien Atex H/F
Bureau Veritas",Bureau Veritas,Fontenay-aux-Roses - 92,CDI,il y a 21 heures
"Spécialiste SEO - SEA H/F
OASIS Projet",OASIS Projet,Saint-Étienne-du-Rouvray - 76,CDI,il y a 21 heures
"Projeteur en Électricité H/F
Groupe Fauché",Groupe Fauché,Vitrolles - 13,CDI,il y a 21 heures
"Chef de Projet Amélioration Continue H/F
Groupe ONET",Groupe ONET,Madrid - Espagne,CDI,il y a 21 heures
"Analyste Programmeur COBOL - Nantes H/F
Mosica",Mosica,Nantes - 44,CDI,il y a 21 heures
"Chef de Département Dérivés Chlorés et Coproduits H/F
Kem One",Kem One,Rhône - 69,CDI,il y a 20 heures
